slot,time,active_pms,total_containers,containers_finished,violations,avg_cpu_util,energy_kwh,power_watts,rl_reward,rl_epsilon,slot_violations,migrations
0,0,1,0,1,0,0.0,0.8333333333333334,100.0,-1.0,0.891,0,0
1,30,1,0,4,0,0.0,0.8333333333333334,100.0,-1.0,0.88209,0,0
2,60,1,0,4,0,0.0,0.8333333333333334,100.0,0.0,0.8732691,0,0
3,90,1,0,4,0,0.0,0.8333333333333334,100.0,0.0,0.8645364090000001,0,0
4,120,1,0,5,0,0.0,0.8333333333333334,100.0,-1.0,0.85589104491,0,0
5,150,1,2,11,0,0.14825626287465335,0.8974053672792567,107.6886440735108,-1.076886440735108,0.8473321344609,0,0
6,180,1,0,15,0,0.0,0.8333333333333334,100.0,-1.0,0.8388588131162911,0,0
7,210,1,0,21,0,0.0,0.8333333333333334,100.0,-1.0,0.8304702249851281,0,0
8,240,1,2,24,0,0.18529411764705883,0.9179873125720877,110.15847750865052,-1.101584775086505,0.8221655227352769,0,0
9,270,1,6,26,0,0.27242647058823527,0.9736196114475201,116.83435337370241,-1.168343533737024,0.8139438675079241,0,0
10,300,1,1,33,0,0.08819172479735705,0.8679157618142742,104.14989141771291,-1.041498914177129,0.8058044288328449,0,0
11,330,1,3,37,0,0.17647992451821337,0.9129234173447073,109.55081008136487,-1.0955081008136487,0.7977463845445164,0,0
12,360,1,5,40,0,0.23437208241158772,0.9480775428131586,113.76930513757904,-1.1376930513757904,0.7897689206990712,0,0
13,390,1,6,43,0,0.08914515442302377,0.8683462905124111,104.20155486148933,-1.0420155486148932,0.7818712314920805,0,0
14,420,1,7,49,0,0.4190513193743685,1.090086445304389,130.81037343652667,-1.3081037343652668,0.7740525191771597,0,0
15,450,1,12,52,0,0.3324117919983996,1.017802330305858,122.13627963670297,-1.2213627963670297,0.7663119939853881,0,0
16,480,1,5,61,0,0.2279201583198993,0.9439384518190117,113.2726142182814,-1.132726142182814,0.7586488740455342,0,0
17,510,1,10,64,0,0.5034098329665933,1.1700842509405,140.41011011286,-1.4041011011286,0.7510623853050789,0,0
18,540,1,12,70,0,0.2526287388065849,0.9600904327161986,115.21085192594384,-1.1521085192594382,0.7435517614520281,0,0
19,570,1,8,77,0,0.3750685942051155,1.0521404983077063,126.25685979692474,-1.2625685979692476,0.7361162438375077,0,0
20,600,1,11,80,0,0.18340068813626637,0.9168907709846595,110.02689251815914,-1.1002689251815914,0.7287550813991327,0,0
21,630,1,7,84,0,0.2598270537748244,0.9649490831738118,115.79388998085741,-1.157938899808574,0.7214675305851413,0,0
22,660,1,2,92,0,0.130601046511366,0.888238104403698,106.58857252844376,-1.0658857252844376,0.7142528552792899,0,0
23,690,1,0,97,0,0.0,0.8333333333333334,100.0,-1.0,0.707110326726497,0,0
24,720,1,0,98,0,0.0,0.8333333333333334,100.0,-1.0,0.700039223459232,0,0
25,750,1,0,106,0,0.0,0.8333333333333334,100.0,-1.0,0.6930388312246396,0,0
26,780,1,0,108,0,0.0,0.8333333333333334,100.0,-1.0,0.6861084429123933,0,0
27,810,1,0,112,0,0.0,0.8333333333333334,100.0,-1.0,0.6792473584832693,0,0
28,840,1,0,115,0,0.0,0.8333333333333334,100.0,-1.0,0.6724548848984366,0,0
29,870,1,0,120,0,0.0,0.8333333333333334,100.0,-1.0,0.6657303360494523,0,0
30,900,1,4,122,0,0.303921568627451,0.9962194027937973,119.54632833525568,-1.1954632833525567,0.6590730326889578,0,0
31,930,1,1,127,0,0.07357756869216754,0.8614682953071563,103.37619543685875,-1.0337619543685874,0.6524823023620682,0,0
32,960,1,2,133,0,0.10165463976587322,0.874107323779244,104.89287885350929,-1.0489287885350929,0.6459574793384475,0,0
33,990,1,0,135,0,0.0,0.8333333333333334,100.0,-1.0,0.6394979045450631,0,0
34,1020,1,1,142,0,0.11029411764705882,0.8782079008073818,105.38494809688581,-1.053849480968858,0.6331029254996124,0,0
35,1050,1,2,143,0,0.0936597726913248,0.870401359577502,104.44816314930024,-1.0444816314930023,0.6267718962446163,0,0
36,1080,1,5,145,0,0.2974324341228462,0.9914548466197762,118.97458159437315,-1.1897458159437315,0.6205041772821701,0,0
37,1110,1,0,150,0,0.0,0.8333333333333334,100.0,-1.0,0.6142991355093484,0,0
38,1140,1,0,154,0,0.0,0.8333333333333334,100.0,-1.0,0.608156144154255,0,0
39,1170,1,0,159,0,0.0,0.8333333333333334,100.0,-1.0,0.6020745827127124,0,0
40,1200,1,0,160,0,0.0,0.8333333333333334,100.0,-1.0,0.5960538368855853,0,0
41,1230,1,0,167,0,0.0,0.8333333333333334,100.0,-1.0,0.5900932985167294,0,0
42,1260,1,0,167,0,0.0,0.8333333333333334,100.0,0.0,0.5841923655315622,0,0
43,1290,1,7,168,0,0.3860294117647059,1.0613556084198386,127.36267301038063,-1.2736267301038062,0.5783504418762465,0,0
44,1320,1,6,172,0,0.08006587557540586,0.8642956548129062,103.71547857754874,-1.0371547857754873,0.572566937457484,0,0
45,1350,1,8,178,0,0.36845713630023924,1.0466594862937952,125.59913835525542,-1.2559913835525542,0.5668412680829091,0,0
46,1380,1,7,183,0,0.2971001821363656,0.9912124061957629,118.94548874349155,-1.1894548874349153,0.5611728554020801,0,0
47,1410,1,12,186,0,0.23410110361604197,0.9479025856815132,113.74831028178158,-1.1374831028178158,0.5555611268480593,0,0
48,1440,1,11,191,0,0.24305715739669143,0.9537369069734039,114.44842883680846,-1.1444842883680846,0.5500055155795787,0,0
49,1470,1,7,199,0,0.3257890128227205,1.0126886581915753,121.52263898298904,-1.2152263898298903,0.5445054604237829,0,0
50,1500,1,9,202,0,0.14986551862183595,0.8982616219884733,107.7913946386168,-1.0779139463861678,0.5390604058195451,0,0
51,1530,1,6,208,0,0.235088243343141,0.9485404025531563,113.82484830637875,-1.1382484830637876,0.5336698017613496,0,0
52,1560,1,12,210,0,0.3005157525654744,0.9937117292151537,119.24540750581845,-1.1924540750581845,0.5283331037437361,0,0
53,1590,1,10,215,0,0.31178141993373465,1.0020655758551755,120.24786910262105,-1.2024786910262106,0.5230497727062987,0,0
54,1620,1,10,221,0,0.1304863040693444,0.8881798850562331,106.58158620674797,-1.0658158620674798,0.5178192749792357,0,0
55,1650,1,4,228,0,0.29613834019633284,0.9905113910882702,118.86136693059242,-1.1886136693059242,0.5126410822294434,0,0
56,1680,1,3,231,0,0.04322249609920077,0.8489862881457638,101.87835457749166,-1.0187835457749166,0.5075146714071489,0,0
57,1710,1,1,235,0,0.0927365739194917,0.8699789060680474,104.39746872816569,-1.0439746872816569,0.5024395246930774,0,0
58,1740,1,3,237,0,0.08519762930980089,0.8665716337966071,103.98859605559285,-1.0398859605559285,0.49741512944614663,0,0
59,1770,1,0,241,0,0.0,0.8333333333333334,100.0,-1.0,0.49244097815168514,0,0
60,1800,1,1,245,0,0.09264705882352942,0.8699380046136101,104.39256055363322,-1.0439256055363322,0.48751656837016827,0,0
61,1830,1,6,247,0,0.3016544117647059,0.9945483933463091,119.3458072015571,-1.1934580720155707,0.4826414026864666,0,0
62,1860,1,1,253,0,0.06390803444954653,0.8573588360613184,102.88306032735821,-1.028830603273582,0.4778149886596019,0,0
63,1890,1,7,254,0,0.364503470222441,1.0434096766102816,125.2091611932338,-1.252091611932338,0.4730368387730059,0,0
64,1920,1,3,258,0,0.1361778278094769,0.8910888764610974,106.93066517533168,-1.0693066517533167,0.46830647038527584,0,0
65,1950,1,0,263,0,0.0,0.8333333333333334,100.0,-1.0,0.4636234056814231,0,0
66,1980,1,0,263,0,0.0,0.8333333333333334,100.0,0.0,0.45898717162460884,0,0
67,2010,1,0,265,0,0.0,0.8333333333333334,100.0,-1.0,0.45439729990836275,0,0
68,2040,1,2,271,0,0.15238723116379913,0.8996103225357791,107.9532387042935,-1.079532387042935,0.4498533269092791,0,0
69,2070,1,1,278,0,0.09492218433981923,0.8709808754998347,104.51770505998017,-1.0451770505998017,0.4453547936401863,0,0
70,2100,1,0,280,0,0.0,0.8333333333333334,100.0,-1.0,0.4409012457037845,0,0
71,2130,1,0,281,0,0.0,0.8333333333333334,100.0,-1.0,0.43649223324674663,0,0
72,2160,1,4,285,0,0.22058823529411764,0.9393021914648212,112.71626297577855,-1.1271626297577855,0.43212731091427914,0,0
73,2190,1,0,290,0,0.0,0.8333333333333334,100.0,-1.0,0.4278060378051363,0,0
74,2220,1,3,293,0,0.22794117647058823,0.94395184544406,113.2742214532872,-1.1327422145328718,0.423527977427085,0,0
75,2250,1,2,297,0,0.1213235294117647,0.8835874423298731,106.03049307958477,-1.0603049307958476,0.41929269765281413,0,0
76,2280,1,2,304,0,0.15018115425416453,0.8984299708134637,107.81159649761564,-1.0781159649761562,0.415099770676286,0,0
77,2310,1,0,309,0,0.0,0.8333333333333334,100.0,-1.0,0.41094877296952315,0,0
78,2340,1,0,309,0,0.0,0.8333333333333334,100.0,0.0,0.40683928523982793,0,0
79,2370,1,1,313,0,0.09264705882352942,0.8699380046136101,104.39256055363322,-1.0439256055363322,0.40277089238742964,0,0
80,2400,1,3,316,0,0.20845588235294119,0.9317878640426759,111.81454368512111,-1.118145436851211,0.39874318346355536,0,0
81,2430,1,1,320,0,0.07621323529411765,0.8626100499207036,103.51320599048442,-1.0351320599048441,0.3947557516289198,0,0
82,2460,1,0,323,0,0.0,0.8333333333333334,100.0,-1.0,0.39080819411263057,0,0
83,2490,1,0,325,0,0.0,0.8333333333333334,100.0,-1.0,0.3869001121715043,0,0
84,2520,1,0,327,0,0.0,0.8333333333333334,100.0,-1.0,0.3830311110497892,0,0
85,2550,1,6,328,0,0.384453781512605,1.0600210672504295,127.20252807005154,-1.2720252807005155,0.3792007999392913,0,0
86,2580,1,8,334,0,0.13791190184891738,0.8919837623973628,107.03805148768353,-1.0703805148768353,0.37540879193989835,0,0
87,2610,1,4,339,0,0.2536441834326721,0.960771642337042,115.29259708044505,-1.1529259708044504,0.3716547040204994,0,0
88,2640,1,4,344,0,0.29903395769005425,0.9926255244645361,119.11506293574433,-1.1911506293574432,0.36793815698029436,0,0
89,2670,1,0,352,0,0.0,0.8333333333333334,100.0,-1.0,0.3642587754104914,0,0
90,2700,1,0,354,0,0.0,0.8333333333333334,100.0,-1.0,0.3606161876563865,0,0
91,2730,1,0,354,0,0.0,0.8333333333333334,100.0,0.0,0.3570100257798226,0,0
92,2760,1,0,355,0,0.0,0.8333333333333334,100.0,-1.0,0.35343992552202436,0,0
93,2790,1,6,356,0,0.384453781512605,1.0600210672504295,127.20252807005154,-1.2720252807005155,0.3499055262668041,0,0
94,2820,1,9,360,0,0.23285757366522886,0.9471009576305813,113.65211491566976,-1.1365211491566976,0.3464064710041361,0,0
95,2850,1,5,365,0,0.18810913599545748,0.9196264100284575,110.3551692034149,-1.1035516920341488,0.3429424062940947,0,0
96,2880,1,3,369,0,0.16767409270685577,0.9079677651456635,108.95613181747962,-1.089561318174796,0.3395129822311538,0,0
97,2910,1,1,375,0,0.06731129820441765,0.8587909733121152,103.05491679745383,-1.0305491679745382,0.33611785240884223,0,0
98,2940,1,0,379,0,0.0,0.8333333333333334,100.0,-1.0,0.33275667388475383,0,0
99,2970,1,2,382,0,0.18529411764705883,0.9179873125720877,110.15847750865052,-1.101584775086505,0.3294291071459063,0,0
100,3000,1,2,387,0,0.16415081063481257,0.9060139292996483,108.7216715159578,-1.087216715159578,0.3261348160744472,0,0
101,3030,1,2,391,0,0.1295042766589038,0.8876823306682652,106.52187968019183,-1.0652187968019182,0.32287346791370275,0,0
102,3060,1,0,394,0,0.0,0.8333333333333334,100.0,-1.0,0.3196447332345657,0,0
103,3090,1,0,399,0,0.0,0.8333333333333334,100.0,-1.0,0.3164482859022201,0,0
104,3120,1,0,404,0,0.0,0.8333333333333334,100.0,-1.0,0.31328380304319786,0,0
105,3150,1,0,405,0,0.0,0.8333333333333334,100.0,-1.0,0.3101509650127659,0,0
106,3180,1,8,405,0,0.4411764705882353,1.110149942329873,133.21799307958477,-1.3321799307958477,0.3070494553626382,0,0
107,3210,1,8,409,0,0.16666666666666669,0.9074074074074073,108.88888888888889,-1.0888888888888888,0.3039789608090118,0,0
108,3240,1,9,412,0,0.2904411764705882,0.9863844434832757,118.36613321799308,-1.1836613321799307,0.30093917120092173,0,0
109,3270,1,8,420,0,0.2721566170725994,0.9734316885018008,116.8118026202161,-1.1681180262021609,0.2979297794889125,0,0
110,3300,1,11,425,0,0.25925319983887385,0.9645592143640881,115.74710572369057,-1.1574710572369056,0.2949504816940234,0,0
111,3330,1,10,433,0,0.35433645760585436,1.0351483693277284,124.2178043193274,-1.242178043193274,0.29200097687708315,0,0
112,3360,1,8,439,0,0.33533715027564626,1.0200797196618763,122.40956635942516,-1.2240956635942515,0.2890809671083123,0,0
113,3390,1,13,442,0,0.22222516505345988,0.9403310710065116,112.83972852078139,-1.128397285207814,0.2861901574372292,0,0
114,3420,1,9,446,0,0.26922975055841775,0.9713996892433044,116.56796270919654,-1.1656796270919654,0.2833282558628569,0,0
115,3450,1,12,449,0,0.16322557960648365,0.9055035864274096,108.66043037128915,-1.0866043037128914,0.28049497330422835,0,0
116,3480,1,5,459,0,0.2642189244448976,0.9679474015048448,116.15368818058138,-1.1615368818058138,0.27769002357118605,0,0
117,3510,1,6,464,0,0.14271967149064443,0.8944858269171464,107.33829923005757,-1.0733829923005755,0.2749131233354742,0,0
118,3540,1,9,466,0,0.3562504167021135,1.0366930451676575,124.4031654201189,-1.2440316542011889,0.27216399210211945,0,0
119,3570,1,11,469,0,0.17423232536271674,0.9116487105884387,109.39784527061263,-1.0939784527061263,0.26944235218109824,0,0
120,3600,1,9,475,0,0.3568217150346498,1.0371550625583958,124.4586075070075,-1.244586075070075,0.26674792865928726,0,0
121,3630,1,5,482,0,0.24960859912771943,0.9580725015482414,114.96870018578898,-1.1496870018578897,0.26408044937269437,0,0
122,3660,1,3,488,0,0.23052262382017197,0.945601328002015,113.4721593602418,-1.134721593602418,0.2614396448789674,0,0
123,3690,1,2,492,0,0.12089328818683406,0.8833745541480279,106.00494649776336,-1.0600494649776335,0.25882524843017773,0,0
124,3720,1,3,495,0,0.20507079560035035,0.9297262860055573,111.56715432066687,-1.1156715432066686,0.25623699594587596,0,0
125,3750,1,0,498,0,0.0,0.8333333333333334,100.0,-1.0,0.2536746259864172,0,0
126,3780,1,5,500,0,0.3203781512605042,1.0085541569569003,121.02649883482805,-1.2102649883482803,0.25113787972655305,0,0
127,3810,1,8,505,0,0.34583063994828706,1.0283427676674568,123.40113212009481,-1.234011321200948,0.2486265009292875,0,0
128,3840,1,8,510,0,0.34540594942543995,1.028005496407473,123.36065956889676,-1.2336065956889675,0.24614023591999462,0,0
129,3870,1,5,515,0,0.14071009623594175,0.8934362528671326,107.2123503440559,-1.072123503440559,0.24367883356079467,0,0
130,3900,1,9,519,0,0.2938055151987744,0.9888162922404029,118.65795506884835,-1.1865795506884835,0.24124204522518672,0,0
131,3930,1,3,526,0,0.13729277202175827,0.8916637941735317,106.9996553008238,-1.069996553008238,0.23882962477293485,0,0
132,3960,1,2,531,0,0.11484052836663956,0.8804057407592324,105.6486888911079,-1.0564868889110788,0.2364413285252055,0,0
133,3990,1,4,537,0,0.27625297506112956,0.9762947958404599,117.15537550085519,-1.1715537550085517,0.23407691523995344,0,0
134,4020,1,4,542,0,0.28898560585518424,0.9853369888793866,118.2404386655264,-1.1824043866552638,0.2317361460875539,0,0
135,4050,1,6,548,0,0.2966836676606432,0.990908688324595,118.9090425989514,-1.1890904259895139,0.22941878462667836,0,0
136,4080,1,1,554,0,0.029541595616801978,0.8437623357866585,101.25148029439902,-1.01251480294399,0.22712459678041158,0,0
137,4110,1,0,556,0,0.0,0.8333333333333334,100.0,-1.0,0.22485335081260746,0,0
138,4140,1,2,559,0,0.18529411764705883,0.9179873125720877,110.15847750865052,-1.101584775086505,0.2226048173044814,0,0
139,4170,1,0,562,0,0.0,0.8333333333333334,100.0,-1.0,0.22037876913143659,0,0
140,4200,1,0,567,0,0.0,0.8333333333333334,100.0,-1.0,0.2181749814401222,0,0
141,4230,1,0,570,0,0.0,0.8333333333333334,100.0,-1.0,0.21599323162572098,0,0
142,4260,1,0,571,0,0.0,0.8333333333333334,100.0,-1.0,0.21383329930946376,0,0
143,4290,1,0,574,0,0.0,0.8333333333333334,100.0,-1.0,0.21169496631636914,0,0
144,4320,1,0,576,0,0.0,0.8333333333333334,100.0,-1.0,0.20957801665320544,0,0
145,4350,1,0,576,0,0.0,0.8333333333333334,100.0,0.0,0.20748223648667338,0,0
146,4380,1,0,577,0,0.0,0.8333333333333334,100.0,-1.0,0.20540741412180666,0,0
147,4410,1,0,578,0,0.0,0.8333333333333334,100.0,-1.0,0.20335333998058858,0,0
148,4440,1,0,580,0,0.0,0.8333333333333334,100.0,-1.0,0.2013198065807827,0,0
149,4470,1,0,582,0,0.0,0.8333333333333334,100.0,-1.0,0.19930660851497486,0,0
150,4500,1,0,584,0,0.0,0.8333333333333334,100.0,-1.0,0.1973135424298251,0,0
151,4530,1,8,584,0,0.4411764705882353,1.110149942329873,133.21799307958477,-1.3321799307958477,0.19534040700552685,0,0
152,4560,1,13,587,0,0.14086040336650377,0.8935145699465507,107.22174839358608,-1.0722174839358607,0.1933870029354716,0,0
153,4590,1,10,592,0,0.18906408340125688,0.9201848462219906,110.42218154663887,-1.1042218154663888,0.19145313290611687,0,0
154,4620,1,12,597,0,0.3695354361515511,1.0475494377649952,125.70593253179942,-1.2570593253179942,0.1895386015770557,0,0
155,4650,1,11,601,0,0.20509191336858018,0.9297390997423169,111.56869196907803,-1.1156869196907804,0.18764321556128516,0,0
156,4680,1,7,605,0,0.25292530029181537,0.9602892384490751,115.23470861388901,-1.15234708613889,0.1857667834056723,0,0
157,4710,1,7,610,0,0.16309763057397517,0.905433101590555,108.6519721908666,-1.086519721908666,0.18390911557161557,0,0
158,4740,1,14,611,0,0.3836028323213309,1.059301699417075,127.11620393004901,-1.2711620393004899,0.18207002441589942,0,0
159,4770,1,12,616,0,0.16501729274168273,0.9064929021830904,108.77914826197085,-1.0877914826197084,0.18024932417174042,0,0
160,4800,1,11,623,0,0.3791484631337085,1.055551859109005,126.66622309308059,-1.266662230930806,0.178446830930023,0,0
161,4830,1,2,632,0,0.11288209761205302,0.8794556111782157,105.53467334138588,-1.0553467334138589,0.17666236262072277,0,0
162,4860,1,6,635,0,0.261392241972453,0.9660146834330746,115.92176201196895,-1.1592176201196895,0.17489573899451555,0,0
163,4890,1,4,641,0,0.2275682000615502,0.9437142571400192,113.2457108568023,-1.132457108568023,0.1731467816045704,0,0
164,4920,1,1,646,0,0.06191833626938061,0.8565286990007056,102.78344388008468,-1.0278344388008467,0.17141531378852468,0,0
165,4950,1,0,650,0,0.0,0.8333333333333334,100.0,-1.0,0.16970116065063942,0,0
166,4980,1,1,654,0,0.09264705882352942,0.8699380046136101,104.39256055363322,-1.0439256055363322,0.16800414904413302,0,0
167,5010,1,0,660,0,0.0,0.8333333333333334,100.0,-1.0,0.1663241075536917,0,0
168,5040,1,0,666,0,0.0,0.8333333333333334,100.0,-1.0,0.16466086647815478,0,0
169,5070,1,0,671,0,0.0,0.8333333333333334,100.0,-1.0,0.16301425781337323,0,0
170,5100,1,0,678,0,0.0,0.8333333333333334,100.0,-1.0,0.1613841152352395,0,0
171,5130,1,0,682,0,0.0,0.8333333333333334,100.0,-1.0,0.1597702740828871,0,0
172,5160,1,2,687,0,0.1498000300193064,0.8982267093356255,107.78720512027506,-1.0778720512027506,0.15817257134205823,0,0
173,5190,1,6,691,0,0.24168404664634865,0.9528354678176858,114.3402561381223,-1.1434025613812229,0.15659084562863765,0,0
174,5220,1,4,699,0,0.14208815820772486,0.8941554158711505,107.29864990453807,-1.0729864990453806,0.15502493717235127,0,0
175,5250,1,3,707,0,0.20162380518797857,0.9276427076083128,111.31712491299754,-1.1131712491299752,0.15347468780062776,0,0
176,5280,1,6,710,0,0.19295441900714205,0.9224724115453032,110.69668938543639,-1.1069668938543638,0.15193994092262147,0,0
177,5310,1,10,712,0,0.19353269402678727,0.9228141671137731,110.73770005365277,-1.1073770005365275,0.15042054151339526,0,0
178,5340,1,6,717,0,0.43186986742923894,1.1016310107386453,132.19572128863743,-1.3219572128863744,0.1489163360982613,0,0
179,5370,1,6,721,0,0.09699981590299613,0.8719392481578088,104.63270977893706,-1.0463270977893704,0.14742717273727868,0,0
180,5400,1,10,724,0,0.3077150029332368,0.9990306829978801,119.88368195974562,-1.1988368195974561,0.14595290100990588,0,0
181,5430,1,5,729,0,0.12736231640654508,0.8866015452291424,106.39218542749708,-1.0639218542749709,0.14449337199980683,0,0
182,5460,1,1,735,0,0.06348052308369267,0.8571800255685503,102.86160306822605,-1.0286160306822603,0.14304843827980876,0,0
183,5490,1,0,738,0,0.0,0.8333333333333334,100.0,-1.0,0.14161795389701068,0,0
184,5520,1,0,738,0,0.0,0.8333333333333334,100.0,0.0,0.14020177435804057,0,0
185,5550,1,0,741,0,0.0,0.8333333333333334,100.0,-1.0,0.13879975661446017,0,0
186,5580,1,0,746,0,0.0,0.8333333333333334,100.0,-1.0,0.13741175904831557,0,0
187,5610,1,0,747,0,0.0,0.8333333333333334,100.0,-1.0,0.1360376414578324,0,0
188,5640,1,0,747,0,0.0,0.8333333333333334,100.0,0.0,0.13467726504325409,0,0
189,5670,1,0,751,0,0.0,0.8333333333333334,100.0,-1.0,0.13333049239282155,0,0
190,5700,1,0,753,0,0.0,0.8333333333333334,100.0,-1.0,0.13199718746889333,0,0
191,5730,1,0,757,0,0.0,0.8333333333333334,100.0,-1.0,0.1306772155942044,0,0
192,5760,1,0,762,0,0.0,0.8333333333333334,100.0,-1.0,0.12937044343826234,0,0
193,5790,1,4,765,0,0.25630252100840334,0.9625614951863097,115.50737942235718,-1.1550737942235716,0.12807673900387972,0,0
194,5820,1,1,769,0,0.07289915966386555,0.8611759115410871,103.34110938493045,-1.0334110938493044,0.12679597161384093,0,0
195,5850,1,0,771,0,0.0,0.8333333333333334,100.0,-1.0,0.12552801189770252,0,0
196,5880,1,0,772,0,0.0,0.8333333333333334,100.0,-1.0,0.1242727317787255,0,0
197,5910,1,0,776,0,0.0,0.8333333333333334,100.0,-1.0,0.12303000446093824,0,0
198,5940,1,0,780,0,0.0,0.8333333333333334,100.0,-1.0,0.12179970441632886,0,0
199,5970,1,0,781,0,0.0,0.8333333333333334,100.0,-1.0,0.12058170737216556,0,0
200,6000,1,0,783,0,0.0,0.8333333333333334,100.0,-1.0,0.1193758902984439,0,0
201,6030,1,8,783,0,0.4411764705882353,1.110149942329873,133.21799307958477,-1.3321799307958477,0.11818213139545947,0,0
202,6060,1,12,787,0,0.33588409401304653,1.0205067810783255,122.46081372939906,-1.2246081372939905,0.11700031008150487,0,0
203,6090,1,15,792,0,0.38523776761459005,1.0606846809359787,127.28216171231743,-1.2728216171231743,0.11583030698068982,0,0
204,6120,1,11,798,0,0.38287245063123015,1.058685025845319,127.0422031014383,-1.2704220310143828,0.11467200391088292,0,0
205,6150,1,8,803,0,0.1751525600073047,0.9121697995205098,109.46037594246118,-1.0946037594246116,0.11352528387177409,0,0
206,6180,1,11,808,0,0.1433501974809746,0.8948162519055478,107.37795022866574,-1.0737795022866574,0.11239003103305635,0,0
207,6210,1,10,814,0,0.31302796582358505,1.003000326866296,120.36003922395552,-1.203600392239555,0.11126613072272579,0,0
208,6240,1,7,818,0,0.2659651824031639,0.9691467129682202,116.29760555618643,-1.1629760555618642,0.11015346941549853,0,0
209,6270,1,7,823,0,0.14389284106418967,0.8951010468277459,107.41212561932952,-1.0741212561932951,0.10905193472134354,0,0
210,6300,1,3,828,0,0.15776273935928797,0.902513634406527,108.30163612878324,-1.0830163612878323,0.1079614153741301,0,0
211,6330,1,0,831,0,0.0,0.8333333333333334,100.0,-1.0,0.1068818012203888,0,0
212,6360,1,0,831,0,0.0,0.8333333333333334,100.0,0.0,0.10581298320818491,0,0
213,6390,1,2,837,0,0.16968891955437967,0.9090925261311484,109.09110313573781,-1.090911031357378,0.10475485337610306,0,0
214,6420,1,6,840,0,0.24245663465834402,0.9533423580126811,114.40108296152174,-1.1440108296152172,0.10370730484234203,0,0
215,6450,1,3,845,0,0.1926988181569041,0.9223214957316798,110.67857948780157,-1.1067857948780158,0.10267023179391861,0,0
216,6480,1,3,850,0,0.22491812982523274,0.942031486691131,113.04377840293573,-1.1304377840293571,0.10164352947597942,0,0
217,6510,1,0,856,0,0.0,0.8333333333333334,100.0,-1.0,0.10062709418121962,0,0
218,6540,1,4,857,0,0.37058823529411766,1.0484198385236447,125.81038062283737,-1.2581038062283736,0.09962082323940742,0,0
219,6570,1,2,862,0,0.10871327871671109,0.8774501442184618,105.29401730621542,-1.0529401730621541,0.09862461500701335,0,0
220,6600,1,2,868,0,0.1683903236545642,0.9083669752851806,109.00403703422168,-1.0900403703422168,0.09763836885694321,0,0
221,6630,1,0,872,0,0.0,0.8333333333333334,100.0,-1.0,0.09666198516837378,0,0
222,6660,1,0,875,0,0.0,0.8333333333333334,100.0,-1.0,0.09569536531669004,0,0
223,6690,1,0,879,0,0.0,0.8333333333333334,100.0,-1.0,0.09473841166352313,0,0
224,6720,1,0,880,0,0.0,0.8333333333333334,100.0,-1.0,0.0937910275468879,0,0
225,6750,1,0,880,0,0.0,0.8333333333333334,100.0,0.0,0.09285311727141901,0,0
226,6780,1,6,882,0,0.33088235294117646,1.0166162053056518,121.99394463667821,-1.219939446366782,0.09192458609870482,0,0
227,6810,1,3,887,0,0.1761396245027066,0.9127299863808718,109.52759836570462,-1.095275983657046,0.09100534023771778,0,0
228,6840,1,4,891,0,0.1875827409331469,0.9193191034417103,110.31829241300524,-1.1031829241300524,0.0900952868353406,0,0
229,6870,1,7,896,0,0.35456431532451166,1.0353320075758636,124.23984090910365,-1.2423984090910363,0.08919433396698719,0,0
230,6900,1,8,901,0,0.1384967689730328,0.8922864930016574,107.07437916019889,-1.0707437916019888,0.08830239062731732,0,0
231,6930,1,5,908,0,0.2518836638846825,0.9595914747162086,115.15097696594503,-1.1515097696594503,0.08741936672104414,0,0
232,6960,1,2,914,0,0.1759996722641235,0.9126504805127603,109.51805766153124,-1.0951805766153124,0.08654517305383369,0,0
233,6990,1,0,918,0,0.0,0.8333333333333334,100.0,-1.0,0.08567972132329535,0,0
234,7020,1,0,925,0,0.0,0.8333333333333334,100.0,-1.0,0.0848229241100624,0,0
235,7050,1,0,930,0,0.0,0.8333333333333334,100.0,-1.0,0.08397469486896177,0,0
236,7080,1,0,935,0,0.0,0.8333333333333334,100.0,-1.0,0.08313494792027215,0,0
237,7110,1,0,938,0,0.0,0.8333333333333334,100.0,-1.0,0.08230359844106942,0,0
238,7140,1,0,938,0,0.0,0.8333333333333334,100.0,0.0,0.08148056245665873,0,0
239,7170,1,0,941,0,0.0,0.8333333333333334,100.0,-1.0,0.08066575683209214,0,0
240,7200,1,0,946,0,0.0,0.8333333333333334,100.0,-1.0,0.07985909926377122,0,0
241,7230,1,2,951,0,0.1835042505478525,0.91695062349537,110.03407481944441,-1.100340748194444,0.0790605082711335,0,0
242,7260,1,1,956,0,0.0607491696834182,0.8560433643059558,102.7252037167147,-1.027252037167147,0.07826990318842217,0,0
243,7290,1,1,960,0,0.0880427300904817,0.8678485915780175,104.1418309893621,-1.041418309893621,0.07748720415653794,0,0
244,7320,1,1,965,0,0.09021457467604332,0.8688306378813341,104.25967654576009,-1.042596765457601,0.07671233211497255,0,0
245,7350,1,0,972,0,0.0,0.8333333333333334,100.0,-1.0,0.07594520879382283,0,0
246,7380,1,7,973,0,0.3860294117647059,1.0613556084198386,127.36267301038063,-1.2736267301038062,0.0751857567058846,0,0
247,7410,1,3,979,0,0.1948529411764706,0.9235960928489042,110.83153114186851,-1.108315311418685,0.07443389913882574,0,0
248,7440,1,3,982,0,0.19025735294117646,0.9208843578791811,110.50612294550173,-1.1050612294550173,0.07368956014743748,0,0
249,7470,1,4,985,0,0.21454831932773108,0.9355367606601463,112.26441127921757,-1.1226441127921756,0.07295266454596311,0,0
250,7500,1,0,989,0,0.0,0.8333333333333334,100.0,-1.0,0.07222313790050347,0,0
251,7530,1,0,995,0,0.0,0.8333333333333334,100.0,-1.0,0.07150090652149843,0,0
252,7560,1,0,1001,0,0.0,0.8333333333333334,100.0,-1.0,0.07078589745628344,0,0
253,7590,1,0,1001,0,0.0,0.8333333333333334,100.0,0.0,0.0700780384817206,0,0
254,7620,1,0,1004,0,0.0,0.8333333333333334,100.0,-1.0,0.0693772580969034,0,0
255,7650,1,1,1008,0,0.09264705882352942,0.8699380046136101,104.39256055363322,-1.0439256055363322,0.06868348551593437,0,0
256,7680,1,4,1012,0,0.26889105046195416,0.9711652814996734,116.53983377996082,-1.165398337799608,0.06799665066077502,0,0
257,7710,1,1,1016,0,0.07164030671851046,0.8606349912706516,103.2761989524782,-1.032761989524782,0.06731668415416728,0,0
258,7740,1,2,1020,0,0.18148076130309232,0.9157837649164641,109.89405178997569,-1.0989405178997569,0.0666435173126256,0,0
259,7770,1,0,1024,0,0.0,0.8333333333333334,100.0,-1.0,0.06597708213949935,0,0
260,7800,1,0,1029,0,0.0,0.8333333333333334,100.0,-1.0,0.06531731131810435,0,0
261,7830,1,0,1030,0,0.0,0.8333333333333334,100.0,-1.0,0.06466413820492331,0,0
262,7860,1,0,1032,0,0.0,0.8333333333333334,100.0,-1.0,0.06401749682287408,0,0
263,7890,1,8,1032,0,0.4411764705882353,1.110149942329873,133.21799307958477,-1.3321799307958477,0.06337732185464534,0,0
264,7920,1,8,1036,0,0.1996887563395695,0.9264799850521525,111.1775982062583,-1.111775982062583,0.06274354863609889,0,0
265,7950,1,3,1042,0,0.1745789691794421,0.9118448673796518,109.42138408555822,-1.0942138408555822,0.0621161131497379,0,0
266,7980,1,0,1048,0,0.0,0.8333333333333334,100.0,-1.0,0.061494952018240526,0,0
267,8010,1,0,1053,0,0.0,0.8333333333333334,100.0,-1.0,0.06088000249805812,0,0
268,8040,1,5,1055,0,0.3203781512605042,1.0085541569569003,121.02649883482805,-1.2102649883482803,0.06027120247307754,0,0
269,8070,1,7,1059,0,0.13546614650700675,0.8907227667353074,106.88673200823689,-1.0688673200823688,0.05966849044834676,0,0
270,8100,1,7,1061,0,0.3247697011949876,1.011906806274517,121.42881675294203,-1.2142881675294201,0.05907180554386329,0,0
271,8130,1,0,1068,0,0.0,0.8333333333333334,100.0,-1.0,0.058481087488424656,0,0
272,8160,1,1,1072,0,0.09264705882352942,0.8699380046136101,104.39256055363322,-1.0439256055363322,0.05789627661354041,0,0
273,8190,1,3,1076,0,0.17552521008403363,0.9123811362780406,109.48573635336487,-1.0948573635336487,0.057317313847405,0,0
274,8220,1,1,1083,0,0.06504092232598525,0.857833855160005,102.9400626192006,-1.029400626192006,0.056744140708930954,0,0
275,8250,1,3,1089,0,0.2724373396168285,0.9736271825506063,116.83526190607276,-1.1683526190607276,0.056176699301841646,0,0
276,8280,1,5,1093,0,0.35518187014751357,1.0358300639701612,124.29960767641936,-1.2429960767641934,0.05561493230882323,0,0
277,8310,1,6,1099,0,0.16066007307328545,0.9040944637443707,108.4913356493245,-1.084913356493245,0.055058782985734994,0,0
278,8340,1,12,1101,0,0.21180527372442626,0.9338427405597949,112.06112886717538,-1.1206112886717539,0.054508195155877646,0,0
279,8370,1,13,1107,0,0.3731896822296528,1.050576920024997,126.06923040299965,-1.2606923040299964,0.05396311320431887,0,0
280,8400,1,13,1112,0,0.19321550374095292,0.9226266551708978,110.71519862050773,-1.1071519862050774,0.05342348207227568,0,0
281,8430,1,13,1119,0,0.2637841052569407,0.9676494045431168,116.11792854517401,-1.16117928545174,0.052889247251552925,0,0
282,8460,1,15,1122,0,0.1906039192250082,0.921087875757625,110.530545090915,-1.10530545090915,0.052360354779037395,0,0
283,8490,1,14,1128,0,0.34226331373326163,1.0255172218628692,123.06206662354431,-1.230620666235443,0.05183675123124702,0,0
284,8520,1,16,1130,0,0.1731777305076359,0.9110529277317289,109.32635132780746,-1.0932635132780746,0.05131838371893455,0,0
285,8550,1,15,1137,0,0.3428731804280507,1.025999072047248,123.11988864566976,-1.2311988864566976,0.05080519988174521,0,0
286,8580,1,13,1140,0,0.15945530323659757,0.903435763565716,108.41229162788592,-1.084122916278859,0.05029714788292775,0,0
287,8610,1,11,1142,0,0.1443093821108644,0.8953199258804344,107.43839110565213,-1.0743839110565212,0.05,0,0
288,8640,1,13,1147,0,0.22865180494153353,0.9444050335825253,113.32860402990303,-1.1332860402990304,0.05,0,0
289,8670,1,12,1153,0,0.22456617277176957,0.9418087015594967,113.0170441871396,-1.130170441871396,0.05,0,0
290,8700,1,14,1159,0,0.2966352498330182,0.9908733975733374,118.90480770880049,-1.1890480770880048,0.05,0,0
291,8730,1,12,1164,0,0.19914521928527887,0.9261542853378808,111.1385142405457,-1.1113851424054568,0.05,0,0
292,8760,1,14,1165,0,0.3783685668279488,1.0548980371849401,126.58776446219282,-1.2658776446219282,0.05,0,0
293,8790,1,9,1171,0,0.2962300746847677,0.9905781963267513,118.86938355921015,-1.1886938355921015,0.05,0,0
294,8820,1,5,1177,0,0.1242350384656147,0.88503457601024,106.20414912122881,-1.062041491212288,0.05,0,0
295,8850,1,9,1180,0,0.3220099104432488,1.009796891763529,121.17562701162348,-1.2117562701162348,0.05,0,0
296,8880,1,14,1182,0,0.22837151484319082,0.9442262041422461,113.30714449706953,-1.1330714449706953,0.05,0,0
297,8910,1,19,1185,0,0.4422660366395239,1.1111548436563965,133.33858123876757,-1.3333858123876758,0.05,0,0
298,8940,1,17,1189,0,0.21244774073794936,0.934238608609089,112.10863303309068,-1.1210863303309069,0.05,0,0
299,8970,1,18,1195,0,0.3416574596182048,1.0250390330145784,123.00468396174941,-1.2300468396174942,0.05,0,0
300,9000,1,15,1199,0,0.27821224349584345,0.9776721161192747,117.32065393431297,-1.1732065393431297,0.05,0,0
301,9030,1,16,1204,0,0.32837746573925797,1.014680328583311,121.76163942999733,-1.2176163942999731,0.05,0,0
302,9060,1,11,1211,0,0.392462136950192,1.066838398276405,128.02060779316858,-1.280206077931686,0.05,0,0
303,9090,1,14,1216,0,0.16138470505587965,0.9044915837026087,108.53899004431305,-1.0853899004431304,0.05,0,0
304,9120,1,11,1222,0,0.4282896067548824,1.0983845270877954,131.80614325053546,-1.3180614325053546,0.05,0,0
305,9150,1,11,1225,0,0.21804634690464375,0.9377115885671881,112.52539062806257,-1.1252539062806257,0.05,0,0
306,9180,1,6,1231,0,0.12451488790849503,0.8851742675100751,106.22091210120901,-1.06220912101209,0.05,0,0
307,9210,1,5,1237,0,0.1748168574400856,0.91197957491018,109.4375489892216,-1.094375489892216,0.05,0,0
308,9240,1,7,1241,0,0.37917538098917875,1.0555744400285856,126.66893280343027,-1.2666893280343026,0.05,0,0
309,9270,1,2,1247,0,0.1021612744525075,0.8743450421493429,104.92140505792115,-1.0492140505792116,0.05,0,0
310,9300,1,0,1249,0,0.0,0.8333333333333334,100.0,-1.0,0.05,0,0
311,9330,1,0,1252,0,0.0,0.8333333333333334,100.0,-1.0,0.05,0,0
312,9360,1,0,1252,0,0.0,0.8333333333333334,100.0,0.0,0.05,0,0
313,9390,1,0,1252,0,0.0,0.8333333333333334,100.0,0.0,0.05,0,0
314,9420,1,0,1256,0,0.0,0.8333333333333334,100.0,-1.0,0.05,0,0
315,9450,1,0,1259,0,0.0,0.8333333333333334,100.0,-1.0,0.05,0,0
316,9480,1,0,1260,0,0.0,0.8333333333333334,100.0,-1.0,0.05,0,0
317,9510,1,5,1262,0,0.3203781512605042,1.0085541569569003,121.02649883482805,-1.2102649883482803,0.05,0,0
318,9540,1,0,1267,0,0.0,0.8333333333333334,100.0,-1.0,0.05,0,0
319,9570,1,1,1271,0,0.09264705882352942,0.8699380046136101,104.39256055363322,-1.0439256055363322,0.05,0,0
320,9600,1,1,1275,0,0.08485294117647059,0.8664176614763552,103.97011937716263,-1.0397011937716263,0.05,0,0
321,9630,1,8,1276,0,0.39518774042359167,1.0691781469286,128.301377631432,-1.28301377631432,0.05,0,0
322,9660,1,3,1283,0,0.13366976578442344,0.8898016594513829,106.77619913416595,-1.0677619913416594,0.05,0,0
323,9690,1,7,1287,0,0.19818809109054858,0.9255817099969266,111.06980519963119,-1.1106980519963119,0.05,0,0
324,9720,1,7,1292,0,0.22106713613246107,0.9396028311626924,112.7523397395231,-1.1275233973952308,0.05,0,0
325,9750,1,7,1298,0,0.21574862674950362,0.9362811888793655,112.35374266552387,-1.1235374266552385,0.05,0,0
326,9780,1,4,1302,0,0.19238637272438883,0.9221371351814945,110.65645622177935,-1.1065645622177933,0.05,0,0
327,9810,1,0,1306,0,0.0,0.8333333333333334,100.0,-1.0,0.05,0,0
328,9840,1,0,1308,0,0.0,0.8333333333333334,100.0,-1.0,0.05,0,0
329,9870,1,1,1311,0,0.11764705882352941,0.8817762399077278,105.81314878892734,-1.0581314878892734,0.05,0,0
330,9900,1,0,1314,0,0.0,0.8333333333333334,100.0,-1.0,0.05,0,0
331,9930,1,0,1315,0,0.0,0.8333333333333334,100.0,-1.0,0.05,0,0
332,9960,1,1,1319,0,0.09264705882352942,0.8699380046136101,104.39256055363322,-1.0439256055363322,0.05,0,0
333,9990,1,0,1320,0,0.0,0.8333333333333334,100.0,-1.0,0.05,0,0
334,10020,1,0,1323,0,0.0,0.8333333333333334,100.0,-1.0,0.05,0,0
335,10050,1,0,1326,0,0.0,0.8333333333333334,100.0,-1.0,0.05,0,0
336,10080,1,1,1330,0,0.09264705882352942,0.8699380046136101,104.39256055363322,-1.0439256055363322,0.05,0,0
337,10110,1,0,1332,0,0.0,0.8333333333333334,100.0,-1.0,0.05,0,0
338,10140,1,0,1335,0,0.0,0.8333333333333334,100.0,-1.0,0.05,0,0
339,10170,1,0,1336,0,0.0,0.8333333333333334,100.0,-1.0,0.05,0,0
340,10200,1,0,1337,0,0.0,0.8333333333333334,100.0,-1.0,0.05,0,0
341,10230,1,4,1339,0,0.303921568627451,0.9962194027937973,119.54632833525568,-1.1954632833525567,0.05,0,0
342,10260,1,0,1343,0,0.0,0.8333333333333334,100.0,-1.0,0.05,0,0
343,10290,1,0,1343,0,0.0,0.8333333333333334,100.0,0.0,0.05,0,0
344,10320,1,0,1348,0,0.0,0.8333333333333334,100.0,-1.0,0.05,0,0
345,10350,1,5,1351,0,0.2757352941176471,0.9759317329873126,117.11180795847751,-1.171118079584775,0.05,0,0
346,10380,1,0,1356,0,0.0,0.8333333333333334,100.0,-1.0,0.05,0,0
347,10410,1,0,1359,0,0.0,0.8333333333333334,100.0,-1.0,0.05,0,0
348,10440,1,5,1361,0,0.3203781512605042,1.0085541569569003,121.02649883482805,-1.2102649883482803,0.05,0,0
349,10470,1,9,1363,0,0.24193086325439264,0.9529973161481412,114.35967793777695,-1.1435967793777695,0.05,0,0
350,10500,1,3,1370,0,0.1642758175331449,0.906082968661837,108.72995623942045,-1.0872995623942043,0.05,0,0
351,10530,1,0,1374,0,0.0,0.8333333333333334,100.0,-1.0,0.05,0,0
352,10560,1,0,1374,0,0.0,0.8333333333333334,100.0,0.0,0.05,0,0
353,10590,1,6,1375,0,0.384453781512605,1.0600210672504295,127.20252807005154,-1.2720252807005155,0.05,0,0
354,10620,1,9,1378,0,0.19774159663865548,0.9253150249070217,111.0378029888426,-1.110378029888426,0.05,0,0
355,10650,1,9,1384,0,0.17259502983524463,0.9107243728276342,109.2869247393161,-1.092869247393161,0.05,0,0
356,10680,1,11,1387,0,0.26897777967875786,0.9712252905335288,116.54703486402346,-1.1654703486402345,0.05,0,0
357,10710,1,12,1390,0,0.16856520944878292,0.9084645563739356,109.01574676487228,-1.0901574676487227,0.05,0,0
358,10740,1,13,1395,0,0.330397275328765,1.0162406648060363,121.94887977672434,-1.2194887977672435,0.05,0,0
359,10770,1,16,1396,0,0.2404913814030164,0.9520545301537595,114.24654361845114,-1.1424654361845115,0.05,0,0
360,10800,1,9,1405,0,0.17951998364517277,0.914658277567033,109.75899330804396,-1.0975899330804395,0.05,0,0
361,10830,1,14,1406,0,0.1692928406315246,0.9088709908032354,109.06451889638825,-1.0906451889638824,0.05,0,0
362,10860,1,7,1413,0,0.16392933808562263,0.9058916646186678,108.70699975424013,-1.0870699975424012,0.05,0,0
363,10890,1,7,1417,0,0.24730590579628586,0.9565421092932428,114.78505311518914,-1.1478505311518914,0.05,0,0
364,10920,1,2,1422,0,0.10752772774338774,0.8768840507369,105.226086088428,-1.05226086088428,0.05,0,0
365,10950,1,1,1425,0,0.10788256344384124,0.8770532861447566,105.2463943373708,-1.052463943373708,0.05,0,0
366,10980,1,2,1430,0,0.15828603823765358,0.9027983260131992,108.3357991215839,-1.083357991215839,0.05,0,0
367,11010,1,0,1433,0,0.0,0.8333333333333334,100.0,-1.0,0.05,0,0
368,11040,1,1,1436,0,0.11764705882352941,0.8817762399077278,105.81314878892734,-1.0581314878892734,0.05,0,0
369,11070,1,0,1438,0,0.0,0.8333333333333334,100.0,-1.0,0.05,0,0
370,11100,1,1,1441,0,0.11764705882352941,0.8817762399077278,105.81314878892734,-1.0581314878892734,0.05,0,0
371,11130,1,2,1445,0,0.13480392156862744,0.8903827053697296,106.84592464436756,-1.0684592464436755,0.05,0,0
372,11160,1,6,1447,0,0.2913602941176471,0.9870473120314303,118.44567744377163,-1.1844567744377164,0.05,0,0
373,11190,1,9,1451,0,0.20966487556561086,0.9325278652191656,111.90334382629987,-1.1190334382629987,0.05,0,0
374,11220,1,13,1454,0,0.3007348522341629,0.9938725849769234,119.26471019723081,-1.1926471019723082,0.05,0,0
375,11250,1,15,1456,0,0.2825477728032672,0.9807380868784802,117.68857042541762,-1.1768857042541763,0.05,0,0
376,11280,1,13,1463,0,0.41854983003081747,1.0896392501561567,130.7567100187388,-1.307567100187388,0.05,0,0
377,11310,1,13,1470,0,0.3110308457740863,1.001503739939991,120.18044879279893,-1.2018044879279892,0.05,0,0
378,11340,1,9,1477,0,0.1659490375738393,0.9070090679057354,108.84108814868826,-1.0884108814868825,0.05,0,0
379,11370,1,1,1485,0,0.06355337699781972,0.857210480151158,102.86525761813895,-1.0286525761813896,0.05,0,0
380,11400,1,0,1486,0,0.0,0.8333333333333334,100.0,-1.0,0.05,0,0
381,11430,1,3,1489,0,0.22794117647058823,0.94395184544406,113.2742214532872,-1.1327422145328718,0.05,0,0
382,11460,1,7,1493,0,0.15791483264520956,0.9025963404613129,108.31156085535754,-1.0831156085535754,0.05,0,0
383,11490,1,11,1495,0,0.3254539724525427,1.0124315162742745,121.49178195291294,-1.2149178195291295,0.05,0,0
384,11520,1,15,1499,0,0.43425689361375186,1.1038049976386275,132.4565997166353,-1.324565997166353,0.05,0,0
385,11550,1,18,1501,0,0.19139053243847096,0.9215504014175446,110.58604817010536,-1.1058604817010536,0.05,0,0
386,11580,1,21,1503,0,0.3355800254724628,1.0202693108215535,122.43231729858641,-1.2243231729858641,0.05,0,0
387,11610,1,19,1511,0,0.3767388884159434,1.0535344228352348,126.42413074022818,-1.2642413074022818,0.05,0,0
388,11640,1,23,1515,0,0.29921593721363826,0.99275876379297,119.1310516551564,-1.191310516551564,0.05,0,0
389,11670,1,19,1520,0,0.36798532424434344,1.0462705739875908,125.5524688785109,-1.255524688785109,0.05,0,0
390,11700,1,12,1527,0,0.19381135521633308,0.9229790126793054,110.75748152151665,-1.1075748152151663,0.05,0,0
391,11730,1,11,1535,0,0.32613291909882325,1.0129527603128874,121.55433123754649,-1.2155433123754649,0.05,0,0
392,11760,1,6,1541,0,0.11979964371167835,0.8828345176595228,105.94014211914273,-1.0594014211914273,0.05,0,0
393,11790,1,4,1545,0,0.2126971478956098,0.9343924337804879,112.12709205365854,-1.1212709205365854,0.05,0,0
394,11820,1,1,1549,0,0.0772596969751449,0.8630659395095092,103.5679127411411,-1.035679127411411,0.05,0,0
395,11850,1,1,1552,0,0.10982783199575395,0.877984045785843,105.35808549430116,-1.0535808549430115,0.05,0,0
396,11880,1,6,1553,0,0.3436872316656853,1.02664301936191,123.19716232342921,-1.231971623234292,0.05,0,0
397,11910,1,7,1557,0,0.2651940767599815,0.9686166244857132,116.23399493828558,-1.1623399493828557,0.05,0,0
398,11940,1,1,1565,0,0.07837712872601513,0.8635543591135613,103.62652309362736,-1.0362652309362734,0.05,0,0
399,11970,1,0,1566,0,0.0,0.8333333333333334,100.0,-1.0,0.05,0,0
400,12000,1,0,1566,0,0.0,0.8333333333333334,100.0,0.0,0.05,0,0
401,12030,1,0,1569,0,0.0,0.8333333333333334,100.0,-1.0,0.05,0,0
402,12060,1,0,1573,0,0.0,0.8333333333333334,100.0,-1.0,0.05,0,0
403,12090,1,4,1576,0,0.25630252100840334,0.9625614951863097,115.50737942235718,-1.1550737942235716,0.05,0,0
404,12120,1,0,1580,0,0.0,0.8333333333333334,100.0,-1.0,0.05,0,0
405,12150,1,0,1580,0,0.0,0.8333333333333334,100.0,0.0,0.05,0,0
406,12180,1,0,1581,0,0.0,0.8333333333333334,100.0,-1.0,0.05,0,0
407,12210,1,0,1583,0,0.0,0.8333333333333334,100.0,-1.0,0.05,0,0
408,12240,1,0,1585,0,0.0,0.8333333333333334,100.0,-1.0,0.05,0,0
409,12270,1,1,1589,0,0.09264705882352942,0.8699380046136101,104.39256055363322,-1.0439256055363322,0.05,0,0
410,12300,1,0,1593,0,0.0,0.8333333333333334,100.0,-1.0,0.05,0,0
411,12330,1,0,1596,0,0.0,0.8333333333333334,100.0,-1.0,0.05,0,0
412,12360,1,1,1600,0,0.09264705882352942,0.8699380046136101,104.39256055363322,-1.0439256055363322,0.05,0,0
413,12390,1,0,1603,0,0.0,0.8333333333333334,100.0,-1.0,0.05,0,0
414,12420,1,6,1604,0,0.384453781512605,1.0600210672504295,127.20252807005154,-1.2720252807005155,0.05,0,0
415,12450,1,11,1607,0,0.15128121191371666,0.8990177406899608,107.8821288827953,-1.078821288827953,0.05,0,0
416,12480,1,8,1611,0,0.2780043019111141,0.9775256952244287,117.30308342693144,-1.1730308342693143,0.05,0,0
417,12510,1,5,1618,0,0.14380444275972998,0.8950546260915343,107.40655513098412,-1.0740655513098412,0.05,0,0
418,12540,1,4,1622,0,0.20301947754536162,0.9284844313569816,111.41813176283779,-1.114181317628378,0.05,0,0
419,12570,1,2,1626,0,0.12792812629145933,0.8868864457614487,106.42637349137385,-1.0642637349137385,0.05,0,0
420,12600,1,0,1628,0,0.0,0.8333333333333334,100.0,-1.0,0.05,0,0
421,12630,1,0,1629,0,0.0,0.8333333333333334,100.0,-1.0,0.05,0,0
422,12660,1,0,1630,0,0.0,0.8333333333333334,100.0,-1.0,0.05,0,0
423,12690,1,0,1631,0,0.0,0.8333333333333334,100.0,-1.0,0.05,0,0
424,12720,1,0,1634,0,0.0,0.8333333333333334,100.0,-1.0,0.05,0,0
425,12750,1,6,1635,0,0.384453781512605,1.0600210672504295,127.20252807005154,-1.2720252807005155,0.05,0,0
426,12780,1,10,1639,0,0.24033853624751145,0.9519545867529013,114.23455041034816,-1.1423455041034816,0.05,0,0
427,12810,1,4,1647,0,0.18185623270588713,0.9159998704846142,109.9199844581537,-1.099199844581537,0.05,0,0
428,12840,1,3,1652,0,0.14237254460294024,0.8943041425054576,107.31649710065491,-1.0731649710065492,0.05,0,0
429,12870,1,0,1656,0,0.0,0.8333333333333334,100.0,-1.0,0.05,0,0
430,12900,1,0,1656,0,0.0,0.8333333333333334,100.0,0.0,0.05,0,0
431,12930,1,0,1656,0,0.0,0.8333333333333334,100.0,0.0,0.05,0,0
432,12960,1,1,1660,0,0.09264705882352942,0.8699380046136101,104.39256055363322,-1.0439256055363322,0.05,0,0
433,12990,1,1,1665,0,0.06948529411764706,0.8597139021049596,103.16566825259515,-1.0316566825259514,0.05,0,0
434,13020,1,1,1667,0,0.08576647177161406,0.8668260823773053,104.01912988527664,-1.0401912988527664,0.05,0,0
435,13050,1,3,1670,0,0.21017602911592,0.932841318515264,111.94095822183168,-1.1194095822183168,0.05,0,0
436,13080,1,0,1676,0,0.0,0.8333333333333334,100.0,-1.0,0.05,0,0
437,13110,1,0,1679,0,0.0,0.8333333333333334,100.0,-1.0,0.05,0,0
438,13140,1,2,1684,0,0.12815126050420167,0.8869989172139444,106.43987006567333,-1.0643987006567333,0.05,0,0
439,13170,1,1,1688,0,0.08277310924369748,0.8654919614904786,103.85903537885743,-1.0385903537885743,0.05,0,0
440,13200,1,1,1689,0,0.014524407741814613,0.8383154415274385,100.59785298329263,-1.0059785298329262,0.05,0,0
441,13230,1,0,1692,0,0.0,0.8333333333333334,100.0,-1.0,0.05,0,0
442,13260,1,0,1693,0,0.0,0.8333333333333334,100.0,-1.0,0.05,0,0
443,13290,1,2,1696,0,0.18529411764705883,0.9179873125720877,110.15847750865052,-1.101584775086505,0.05,0,0
444,13320,1,0,1700,0,0.0,0.8333333333333334,100.0,-1.0,0.05,0,0
445,13350,1,0,1704,0,0.0,0.8333333333333334,100.0,-1.0,0.05,0,0
446,13380,1,0,1708,0,0.0,0.8333333333333334,100.0,-1.0,0.05,0,0
447,13410,1,2,1713,0,0.12815126050420167,0.8869989172139444,106.43987006567333,-1.0643987006567333,0.05,0,0
448,13440,1,1,1717,0,0.08277310924369748,0.8654919614904786,103.85903537885743,-1.0385903537885743,0.05,0,0
449,13470,1,0,1718,0,0.0,0.8333333333333334,100.0,-1.0,0.05,0,0
450,13500,1,0,1721,0,0.0,0.8333333333333334,100.0,-1.0,0.05,0,0
451,13530,1,6,1722,0,0.384453781512605,1.0600210672504295,127.20252807005154,-1.2720252807005155,0.05,0,0
452,13560,1,5,1726,0,0.17906371009215225,0.9143971115453616,109.7276533854434,-1.097276533854434,0.05,0,0
453,13590,1,8,1730,0,0.23933170447908647,0.9512970113389387,114.15564136067265,-1.1415564136067264,0.05,0,0
454,13620,1,11,1733,0,0.21594502551292274,0.9364031778668255,112.36838134401906,-1.1236838134401905,0.05,0,0
455,13650,1,15,1736,0,0.44830927171492485,1.1167572259753524,134.0108671170423,-1.3401086711704229,0.05,0,0
456,13680,1,14,1740,0,0.2287459209316316,0.9444651045391174,113.33581254469408,-1.1333581254469407,0.05,0,0
457,13710,1,16,1746,0,0.2168494911034039,0.936965631562338,112.43587578748057,-1.1243587578748055,0.05,0,0
458,13740,1,21,1747,0,0.32097176855791165,1.0090058403267663,121.08070083921196,-1.2108070083921196,0.05,0,0
459,13770,1,21,1753,0,0.33344974674438604,1.018609071317392,122.23308855808706,-1.2223308855808706,0.05,0,0
460,13800,1,22,1758,0,0.3667192146577576,1.045228393152054,125.4274071782465,-1.2542740717824648,0.05,0,0
461,13830,1,20,1761,0,0.3393435991562686,1.0232172519109763,122.78607022931718,-1.2278607022931716,0.05,0,0
462,13860,1,23,1766,0,0.24373056823925113,0.9541799160092359,114.5015899211083,-1.145015899211083,0.05,0,0
463,13890,1,19,1771,0,0.3416188137440802,1.0250085471839685,123.00102566207622,-1.2300102566207622,0.05,0,0
464,13920,1,19,1777,0,0.43331087802508733,1.1029425040182772,132.35310048219327,-1.3235310048219326,0.05,0,0
465,13950,1,25,1779,0,0.2452299542717832,0.9551684717386882,114.6202166086426,-1.1462021660864259,0.05,0,0
466,13980,1,24,1786,0,0.26400487011870566,0.9678006710038316,116.1360805204598,-1.1613608052045978,0.05,0,0
467,14010,1,27,1791,0,0.37239890292027156,1.0499202629042383,125.99043154850861,-1.259904315485086,0.05,0,0
468,14040,1,29,1795,0,0.33289510422261825,1.0181778016844647,122.18133620213575,-1.2218133620213576,0.05,0,0
469,14070,1,29,1797,0,0.2867184696479494,0.9837111437741579,118.04533725289895,-1.1804533725289894,0.05,0,0
470,14100,1,34,1800,0,0.3280467019519231,1.014425326424997,121.73103917099964,-1.2173103917099963,0.05,0,0
471,14130,1,31,1807,0,0.35802255761170887,1.038127620376456,124.57531444517471,-1.2457531444517471,0.05,0,0
472,14160,1,34,1809,0,0.28495290270555584,0.9824497387420665,117.89396864904799,-1.1789396864904798,0.05,0,0
473,14190,1,37,1812,0,0.31801097581641585,1.0067576457652778,120.81091749183335,-1.2081091749183333,0.05,0,0
474,14220,1,33,1819,0,0.36361771896275025,1.0426844700166993,125.1221364020039,-1.2512213640200391,0.05,0,0
475,14250,1,36,1822,0,0.31906656043921205,1.0075578334734103,120.90694001680923,-1.2090694001680924,0.05,0,0
476,14280,1,32,1828,0,0.3582302989906334,1.0382960644068235,124.59552772881882,-1.2459552772881881,0.05,0,0
477,14310,1,28,1834,0,0.3090817392673665,1.000048260788149,120.00579129457788,-1.2000579129457787,0.05,0,0
478,14340,1,22,1843,0,0.25087311328704975,0.9589159170759078,115.06991004910894,-1.1506991004910894,0.05,0,0
479,14370,1,14,1851,0,0.1855562321797434,0.9181394875937431,110.17673851124917,-1.1017673851124916,0.05,0,0
480,14400,1,9,1860,0,0.18890505960212298,0.9200917675628953,110.41101210754745,-1.1041101210754745,0.05,0,0
481,14430,1,2,1868,0,0.15927781160898719,0.9033388847169611,108.40066616603534,-1.0840066616603532,0.05,0,0
482,14460,1,0,1875,0,0.0,0.8333333333333334,100.0,-1.0,0.05,0,0
483,14490,1,0,1876,0,0.0,0.8333333333333334,100.0,-1.0,0.05,0,0
484,14520,1,5,1877,0,0.37990196078431376,1.0561843201332821,126.74211841599384,-1.2674211841599385,0.05,0,0
485,14550,1,8,1882,0,0.1440888728626724,0.8952040264761143,107.42448317713372,-1.0742448317713371,0.05,0,0
486,14580,1,7,1888,0,0.3635071123361206,1.042593984591337,125.11127815096043,-1.2511127815096044,0.05,0,0
487,14610,1,6,1890,0,0.08089988812016405,0.8646631573052913,103.75957887663496,-1.0375957887663496,0.05,0,0
488,14640,1,6,1896,0,0.38889821275896097,1.0637939508443963,127.65527410132756,-1.2765527410132755,0.05,0,0
489,14670,1,4,1901,0,0.05934908954605535,0.8554645728019822,102.65574873623787,-1.0265574873623786,0.05,0,0
490,14700,1,0,1905,0,0.0,0.8333333333333334,100.0,-1.0,0.05,0,0
491,14730,1,3,1910,0,0.26627907651713256,0.9693627232329222,116.32352678795066,-1.1632352678795066,0.05,0,0
492,14760,1,0,1913,0,0.0,0.8333333333333334,100.0,-1.0,0.05,0,0
493,14790,1,0,1914,0,0.0,0.8333333333333334,100.0,-1.0,0.05,0,0
494,14820,1,0,1916,0,0.0,0.8333333333333334,100.0,-1.0,0.05,0,0
495,14850,1,6,1917,0,0.384453781512605,1.0600210672504295,127.20252807005154,-1.2720252807005155,0.05,0,0
496,14880,1,10,1920,0,0.19715578539107953,0.9249655309391421,110.99586371269706,-1.1099586371269705,0.05,0,0
497,14910,1,7,1924,0,0.2507712875359934,0.9588479216136377,115.06175059363653,-1.1506175059363652,0.05,0,0
498,14940,1,6,1927,0,0.2399389825860414,0.9516934711049636,114.20321653259563,-1.1420321653259562,0.05,0,0
499,14970,1,0,1933,0,0.0,0.8333333333333334,100.0,-1.0,0.05,0,0
