slot,time,active_pms,total_containers,containers_finished,violations,avg_cpu_util,energy_kwh,power_watts,rl_reward,rl_epsilon,slot_violations,migrations
0,0,1,0,1,0,0.0,0.8333333333333334,100.0,-1.0,0.891,0,0
1,30,1,0,4,0,0.0,0.8333333333333334,100.0,-1.0,0.88209,0,0
2,60,1,0,4,0,0.0,0.8333333333333334,100.0,0.0,0.8732691,0,0
3,90,1,0,4,0,0.0,0.8333333333333334,100.0,0.0,0.8645364090000001,0,0
4,120,1,0,5,0,0.0,0.8333333333333334,100.0,-1.0,0.85589104491,0,0
5,150,1,7,6,0,0.3860294117647059,1.0613556084198386,127.36267301038063,-1.2736267301038062,0.8473321344609,0,0
6,180,1,9,6,0,0.3247549019607843,1.0118954648853005,121.42745578623607,-1.2142745578623606,0.8388588131162911,0,0
7,210,1,12,9,0,0.3828987051691471,1.0587071806698554,127.04486168038264,-1.2704486168038265,0.8304702249851281,0,0
8,240,1,13,13,0,0.4069432741973305,1.0793829770087393,129.52595724104873,-1.2952595724104872,0.8221655227352769,0,0
9,270,1,17,15,0,0.25,0.9583333333333334,115.0,-1.15,0.8139438675079241,0,0
10,300,1,18,16,0,0.3602941176470588,1.0399726066897348,124.79671280276817,-1.2479671280276816,0.8058044288328449,0,0
11,330,1,20,20,0,0.33003910964360084,1.0159635791440942,121.91562949729129,-1.219156294972913,0.7977463845445164,0,0
12,360,1,23,22,0,0.5487169603043578,1.2169658551185554,146.03590261422664,-1.4603590261422663,0.7897689206990712,0,0
13,390,1,25,24,0,0.26940851420551637,0.971523469752788,116.58281637033457,-1.1658281637033456,0.7818712314920805,0,0
14,420,1,29,27,0,0.43628696786215526,1.1056598681716205,132.67918418059446,-1.3267918418059446,0.7740525191771597,0,0
15,450,1,36,28,0,0.42102419575230576,1.0918489808566858,131.0218777028023,-1.310218777028023,0.7663119939853881,0,0
16,480,1,35,31,0,0.5025839210332884,1.1692550387985592,140.3106046558271,-1.403106046558271,0.7586488740455342,0,0
17,510,1,41,33,0,0.3578456158867733,1.0379841951685138,124.55810342022167,-1.2455810342022164,0.7510623853050789,0,0
18,540,1,47,35,0,0.2723951780065814,0.9735978146696852,116.83173776036223,-1.1683173776036222,0.7435517614520281,0,0
19,570,1,45,40,0,0.6151384574411355,1.2906430336957517,154.8771640434902,-1.548771640434902,0.7361162438375077,0,0
20,600,2,47,44,0,0.0811168417726993,1.7382910732329386,208.59492878795263,-2.085949287879526,0.7287550813991327,0,0
21,630,2,46,45,0,0.40997075060544325,2.388183210675604,286.58198528107243,-1.8658198528107244,0.7214675305851413,0,0
22,660,2,45,49,0,0.13980731803428792,1.7873102848258093,214.47723417909714,-2.1437283921998724,0.7142528552792899,0,3
23,690,2,42,55,0,0.3738493169100001,2.2886017092841966,274.6322051141036,-2.746322051141036,0.707110326726497,0,0
24,720,2,40,58,0,0.12014350770476179,1.7852542383194523,214.23050859833427,-2.1423050859833426,0.700039223459232,0,0
25,750,2,41,65,0,0.18700503332564258,1.8845923755214278,226.15108506257133,-1.261510850625713,0.6930388312246396,0,0
26,780,2,40,68,0,0.22744401315173265,1.9562447530839968,234.7493703700796,-1.347493703700796,0.6861084429123933,0,0
27,810,2,42,70,0,0.23209221204500383,1.9650395944085175,235.80475132902208,-1.3580475132902208,0.6792473584832693,0,0
28,840,2,42,73,0,0.1942443357282781,1.896778522385572,227.61342268626865,-1.2761342268626865,0.6724548848984366,0,0
29,870,2,43,77,0,0.17128218105149837,1.859088348823021,223.0906018587625,-1.230906018587625,0.6657303360494523,0,0
30,900,2,45,81,0,0.24732907279971292,1.9946771692050502,239.36126030460605,-1.3936126030460603,0.6590730326889578,0,0
31,930,2,46,82,0,0.23290195878676404,1.966583498942407,235.9900198730888,-1.359900198730888,0.6524823023620682,0,0
32,960,2,48,87,0,0.15217281116507336,1.8298660459977318,219.5839255197278,-2.195839255197278,0.6459574793384475,0,0
33,990,2,44,91,0,0.2017560106115674,1.9097186412554312,229.16623695065175,-1.2916623695065175,0.6394979045450631,0,0
34,1020,2,45,98,1,0.22871370809664818,1.9586356994546157,235.03628393455386,-12.35036283934554,0.6331029254996124,1,0
35,1050,2,42,103,1,0.22928462130036695,1.9597135810398516,235.1656297247822,-1.3516562972478219,0.6267718962446163,0,0
36,1080,2,42,108,4,0.11091413693077509,1.7734146133434467,212.8097536012136,-31.128097536012135,0.6205041772821701,3,0
37,1110,2,36,114,4,0.28954898562786935,2.0832689639602546,249.99227567523053,-1.4999227567523052,0.6142991355093484,0,0
38,1140,2,37,117,4,0.11126878381560691,1.7738611685485495,212.86334022582594,-1.1286334022582591,0.608156144154255,0,0
39,1170,2,39,120,5,0.2046271454838133,1.914744146772819,229.76929761273826,-11.297692976127383,0.6020745827127124,1,0
40,1200,2,38,122,6,0.2736189176727303,2.048725444070877,245.84705328850526,-11.458470532885052,0.5960538368855853,1,0
41,1230,2,43,124,7,0.1514964445886344,1.8288674236537488,219.46409083844986,-11.194640908384498,0.5900932985167294,1,0
42,1260,2,38,129,7,0.22056025308131577,1.9434317026923282,233.21180432307938,-1.3321180432307937,0.5841923655315622,0,0
43,1290,2,37,133,7,0.15705539784730715,1.8371473265461407,220.45767918553688,-1.2045767918553685,0.5783504418762465,0,0
44,1320,2,42,136,8,0.15792573737503643,1.8384585943178884,220.61503131814658,-11.206150313181466,0.572566937457484,1,0
45,1350,2,49,136,8,0.29060367438966944,2.085603771109852,250.27245253318222,-1.502724525331822,0.5668412680829091,0,0
46,1380,2,45,146,10,0.1402012033073609,1.8125511419617926,217.5061370354151,-22.17506137035415,0.5611728554020801,2,0
47,1410,2,44,150,10,0.30959497539962505,2.128660780380269,255.43929364563223,-1.5543929364563223,0.5555611268480593,0,0
48,1440,2,43,155,10,0.09687966456196707,1.7562815614563494,210.75378737476194,-1.1075378737476191,0.5500055155795787,0,0
49,1470,2,41,159,10,0.22523733595740705,1.9521098439961109,234.25318127953332,-1.3425318127953332,0.5445054604237829,0,0
50,1500,2,42,163,10,0.19672909507870884,1.9010256283204399,228.12307539845276,-1.2812307539845276,0.5390604058195451,0,0
51,1530,2,39,167,10,0.2683907113034419,2.0376833379728745,244.52200055674496,-1.4452200055674493,0.5336698017613496,0,0
52,1560,2,43,167,10,0.20219752399067575,1.910488585881677,229.25863030580123,-1.2925863030580123,0.5283331037437361,0,0
53,1590,2,48,169,10,0.23647861226306896,1.9734447656630243,236.81337187956294,-1.3681337187956293,0.5230497727062987,0,0
54,1620,2,50,172,10,0.32349605802140813,2.0578047558419783,246.9365707010374,-2.4693657070103736,0.5178192749792357,0,0
55,1650,2,46,176,10,0.2404774901487701,1.9811967888145183,237.7436146577422,-2.377436146577422,0.5126410822294434,0,0
56,1680,2,39,183,10,0.13820221285886725,1.8097344129434787,217.16812955321743,-1.1716812955321743,0.5075146714071489,0,0
57,1710,2,41,187,10,0.20902794438824118,1.9225324470192904,230.70389364231485,-1.3070389364231485,0.5024395246930774,0,0
58,1740,2,40,191,11,0.20909220468570766,1.922646936618018,230.71763239416217,-11.307176323941622,0.49741512944614663,1,0
59,1770,2,38,196,11,0.23758746343780146,1.9755857830460237,237.07029396552286,-1.3707029396552286,0.49244097815168514,0,0
60,1800,2,40,199,12,0.11537662031832463,1.7790824522550934,213.48989427061122,-11.134898942706112,0.48751656837016827,1,0
61,1830,2,43,202,13,0.16948010242443645,1.856249415263751,222.7499298316501,-11.2274992983165,0.4826414026864666,1,0
62,1860,2,41,205,13,0.2427116669682561,1.9855649867321965,238.26779840786358,-1.3826779840786358,0.4778149886596019,0,0
63,1890,2,44,208,13,0.12340031049521596,1.789540571344319,214.7448685613183,-1.147448685613183,0.4730368387730059,0,0
64,1920,2,45,211,13,0.3185592527949165,2.149652828639959,257.9583394367951,-1.5795833943679507,0.46830647038527584,0,0
65,1950,2,49,212,13,0.14210081413000833,1.8152475864237687,217.82971037085224,-1.1782971037085224,0.4636234056814231,0,0
66,1980,2,44,218,13,0.30848069533029854,2.1260813685974376,255.12976423169252,-1.5512976423169251,0.45898717162460884,0,0
67,2010,2,40,222,13,0.13636218674439746,1.8071605137595022,216.85926165114026,-1.1685926165114024,0.45439729990836275,0,0
68,2040,2,41,225,13,0.25896312669949273,2.018140487106269,242.17685845275224,-1.4217685845275225,0.4498533269092791,0,0
69,2070,2,45,227,13,0.18853968469948446,1.8871523570172055,226.45828284206468,-1.2645828284206466,0.4453547936401863,0,0
70,2100,2,46,234,14,0.2099005908025637,1.92408908191975,230.89068983036998,-12.3089068983037,0.4409012457037845,1,0
71,2130,2,47,241,14,0.24504638582206073,1.990158207093252,238.81898485119024,-2.388189848511902,0.43649223324674663,0,0
72,2160,2,45,244,15,0.12780367295127643,1.795425858820416,215.45110305844992,-11.1545110305845,0.43212731091427914,1,0
73,2190,2,41,249,15,0.22117402661952879,1.9445638845492752,233.34766614591302,-1.3334766614591302,0.4278060378051363,0,0
74,2220,2,45,250,15,0.2367990660307679,1.9740628378152958,236.8875405378355,-1.3688754053783547,0.423527977427085,0,0
75,2250,2,48,253,16,0.13067684721135153,1.7993217338664982,215.91860806397978,-12.159186080639797,0.41929269765281413,1,0
76,2280,2,41,261,17,0.3019494722253282,2.111095604889297,253.33147258671562,-11.533314725867156,0.415099770676286,1,0
77,2310,2,48,261,17,0.1465799395393777,1.8216817694938987,218.60181233926784,-1.1860181233926785,0.41094877296952315,0,0
78,2340,2,41,269,19,0.28956636511531064,2.08330738955979,249.99688674717476,-21.499968867471747,0.40683928523982793,2,0
79,2370,2,43,272,20,0.16234269450218408,1.8451755308900681,221.42106370680816,-11.214210637068081,0.40277089238742964,1,0
80,2400,2,45,272,20,0.32295142314487474,2.1600946066600497,259.21135279920594,-1.5921135279920593,0.39874318346355536,0,0
81,2430,2,45,277,21,0.0805637945023216,1.7376839296271807,208.52207155526168,-11.085220715552616,0.3947557516289198,1,0
82,2460,2,45,282,21,0.3444043496537929,2.2125745159304007,265.5089419116481,-1.6550894191164809,0.39080819411263057,0,0
83,2490,2,43,289,22,0.07030180321211686,1.7250631501617346,207.0075780194082,-12.072056941881295,0.3869001121715043,1,3
84,2520,2,40,295,22,0.3075385410481486,2.1239055719788293,254.8686686374595,-2.548686686374595,0.3830311110497892,0,0
85,2550,2,42,297,22,0.1556383445075159,1.8350210144211179,220.20252173053413,-1.2020252173053412,0.3792007999392913,0,0
86,2580,2,41,300,22,0.30272370760741985,2.1128601867985,253.54322241582003,-1.5354322241582001,0.37540879193989835,0,0
87,2610,2,44,302,23,0.12553321445378632,1.792378377452125,215.085405294255,-11.15085405294255,0.3716547040204994,1,0
88,2640,2,47,306,23,0.31052819017814676,2.1308261451729384,255.69913742075263,-2.5569913742075263,0.36793815698029436,0,0
89,2670,2,49,308,23,0.1616307038735502,1.8440857610747914,221.29029132897497,-2.2129029132897498,0.3642587754104914,0,0
90,2700,2,49,315,23,0.45318854126357266,2.2428588129253155,269.1430575510379,-2.6914305755103785,0.3606161876563865,0,0
91,2730,2,51,321,23,0.3375618003560734,2.0556889974679233,246.68267969615084,-2.466826796961508,0.3570100257798226,0,0
92,2760,2,50,330,23,0.3371519988413789,2.044462954662145,245.33555455945742,-2.453355545594574,0.35343992552202436,0,0
93,2790,2,45,337,23,0.2813783503814193,2.0653823030899296,247.84587637079153,-2.4784587637079154,0.3499055262668041,0,0
94,2820,2,49,341,23,0.17821980486150324,1.870179333493995,224.4215200192794,-2.244215200192794,0.3464064710041361,0,0
95,2850,2,43,351,23,0.3437757560732,2.0987945189694734,251.85534227633684,-2.518553422763368,0.3429424062940947,0,0
96,2880,2,47,355,23,0.16643412262452534,1.851490260879805,222.1788313055766,-2.2217883130557663,0.3395129822311538,0,0
97,2910,2,45,360,26,0.15503128020991735,1.8341133810560142,220.09360572672168,-31.200936057267217,0.33611785240884223,3,0
98,2940,2,47,364,27,0.16204700649814616,1.8447226238387913,221.36671486065495,-12.21366714860655,0.33275667388475383,1,0
99,2970,2,47,372,27,0.31412543810969196,2.014423489909652,241.73081878915823,-2.4173081878915825,0.3294291071459063,0,0
100,3000,2,47,377,28,0.1361195907280582,1.8068225084319698,216.81870101183637,-12.168187010118363,0.3261348160744472,1,0
101,3030,2,42,383,28,0.3119615345835373,2.1341610205482664,256.09932246579194,-1.5609932246579195,0.32287346791370275,0,0
102,3060,2,48,385,28,0.12404633856451003,1.7903975433397028,214.84770520076432,-1.1484770520076433,0.3196447332345657,0,0
103,3090,2,46,391,28,0.33234795675594486,2.1827790761302337,261.93348913562807,-2.61933489135628,0.3164482859022201,0,0
104,3120,2,48,393,28,0.13271066739664586,1.802106101573399,216.2527321888079,-1.1625273218880787,0.31328380304319786,0,0
105,3150,1,45,403,28,0.7351695808457429,1.438706068682518,172.64472824190216,-2.612641261280752,0.3101509650127659,0,1
106,3180,2,46,410,28,0.23768771774960062,1.9009144279255707,228.1097313510685,-2.281097313510685,0.3070494553626382,0,0
107,3210,2,45,418,29,0.23556513704172258,1.9716859147997767,236.6023097759732,-12.366023097759731,0.3039789608090118,1,0
108,3240,2,48,419,29,0.14462406218653662,1.8188590264265851,218.2630831711902,-1.1826308317119019,0.30093917120092173,0,0
109,3270,2,51,424,29,0.5549844297126896,2.460428204933721,295.2513845920465,-2.952513845920465,0.2979297794889125,0,0
110,3300,2,46,429,30,0.16575021564298623,1.8504285010571815,222.05142012686176,-12.220514201268617,0.2949504816940234,1,0
111,3330,2,46,435,31,0.28045097807904085,2.0633746550006693,247.6049586000803,-12.476049586000803,0.29200097687708315,1,0
112,3360,2,42,442,33,0.1692773129070406,1.8559310317114357,222.71172380537226,-21.227117238053722,0.2890809671083123,2,0
113,3390,2,45,445,33,0.2686922250320024,2.0383161814683968,244.59794177620762,-1.4459794177620762,0.2861901574372292,0,0
114,3420,2,43,452,35,0.1673070394136544,1.852849080775402,222.34188969304824,-21.223418896930482,0.2833282558628569,2,0
115,3450,2,44,456,36,0.27126756681199327,2.0437412920189266,245.2489550422712,-11.452489550422712,0.28049497330422835,1,0
116,3480,2,45,459,37,0.10029520339515484,1.760354476460971,211.24253717531656,-11.112425371753165,0.27769002357118605,1,0
117,3510,2,44,463,37,0.331764343966321,2.181356442450623,261.76277309407476,-1.6176277309407474,0.2749131233354742,0,0
118,3540,2,45,466,37,0.09112779158237602,1.7495632594514001,209.947591134168,-1.0994759113416799,0.27216399210211945,0,0
119,3570,2,46,468,37,0.37069616051787,2.280239156139088,273.6286987366906,-1.7362869873669053,0.26944235218109824,0,0
120,3600,2,43,475,37,0.061351877155511464,1.7163025292510081,205.95630351012096,-2.061126470782025,0.26674792865928726,0,3
121,3630,2,33,485,37,0.250180035897094,2.0003601582286525,240.0432189874383,-2.4004321898743832,0.26408044937269437,0,0
122,3660,2,33,492,37,0.10329723869610358,1.7639856778567085,211.678281342805,-1.1167828134280502,0.2614396448789674,0,0
123,3690,2,38,495,37,0.3131563612658782,2.1369493251140126,256.43391901368153,-1.564339190136815,0.25882524843017773,0,0
124,3720,2,42,496,37,0.1176094833196139,1.7819582970576269,213.83499564691522,-1.138349956469152,0.25623699594587596,0,0
125,3750,2,41,499,37,0.19637037103312105,1.9004104410079088,228.04925292094907,-1.2804925292094906,0.2536746259864172,0,0
126,3780,2,44,504,39,0.16927799156238568,1.8559320968479773,222.7118516217573,-21.227118516217573,0.25113787972655305,2,0
127,3810,2,41,508,39,0.2580367770611255,2.0162457935503317,241.9494952260398,-1.419494952260398,0.2486265009292875,0,0
128,3840,2,43,510,39,0.1806729161525346,1.874162484451185,224.89949813414222,-1.248994981341422,0.24614023591999462,0,0
129,3870,2,46,515,41,0.1990265033815112,1.904981799716396,228.59781596596753,-22.285978159659674,0.24367883356079467,2,0
130,3900,2,48,518,42,0.14137956697082224,1.8142215298655007,217.7065835838601,-12.1770658358386,0.24124204522518672,1,0
131,3930,2,49,525,42,0.3478346646513331,2.1110304843430443,253.32365812116532,-2.533236581211653,0.23882962477293485,0,0
132,3960,2,47,528,42,0.21178083586664848,1.9274568837521024,231.29482605025228,-2.3129482605025227,0.2364413285252055,0,0
133,3990,2,45,531,43,0.18685527998789475,1.8843432417502086,226.12118901002503,-11.26121189010025,0.23407691523995344,1,0
134,4020,2,48,533,43,0.2653248135645622,2.0312758935578943,243.7531072269473,-1.437531072269473,0.2317361460875539,0,0
135,4050,2,47,535,43,0.21804378626880525,1.9388107714603673,232.65729257524407,-1.3265729257524406,0.22941878462667836,0,0
136,4080,2,45,542,43,0.23390765118160473,1.968505872204524,236.22070466454286,-2.3622070466454286,0.22712459678041158,0,0
137,4110,2,40,550,46,0.11185011961915757,1.774594611102958,212.95135333235496,-31.12951353332355,0.22485335081260746,3,0
138,4140,2,36,555,47,0.21948919564019717,1.941460815767547,232.97529789210563,-11.329752978921057,0.2226048173044814,1,0
139,4170,2,36,558,48,0.2385710592280533,1.9774904402885563,237.29885283462676,-11.372988528346268,0.22037876913143659,1,0
140,4200,2,33,563,49,0.1185125384185491,1.783128950312121,213.97547403745452,-11.139754740374546,0.2181749814401222,1,0
141,4230,2,26,570,49,0.15593519985960258,1.835465564053746,220.25586768644956,-1.2025586768644954,0.21599323162572098,0,0
142,4260,2,27,574,50,0.26764846919249036,2.0361275209578826,244.33530251494594,-11.44335302514946,0.21383329930946376,1,0
143,4290,2,27,578,50,0.154787568436653,1.833749555871186,220.04994670454232,-1.2004994670454232,0.21169496631636914,0,0
144,4320,2,29,581,50,0.1807199924017775,1.8742392366777145,224.90870840132573,-1.2490870840132573,0.20957801665320544,0,0
145,4350,2,29,585,50,0.14588446486930784,1.8206757154867501,218.48108585841,-1.1848108585841,0.20748223648667338,0,0
146,4380,2,31,588,50,0.24720912434688055,1.9944390193255241,239.3326823190629,-1.393326823190629,0.20540741412180666,0,0
147,4410,2,36,591,50,0.17904678114586592,1.8715185203337654,224.58222244005185,-1.2458222244005186,0.20335333998058858,0,0
148,4440,2,42,593,51,0.13499078041519005,1.8052538824023987,216.63046588828786,-11.16630465888288,0.2013198065807827,1,0
149,4470,2,38,597,51,0.24538867083245985,1.9908340466160972,238.90008559393164,-1.3890008559393163,0.19930660851497486,0,0
150,4500,2,37,599,51,0.23457847065819418,1.9697911374956956,236.37493649948345,-1.3637493649948345,0.1973135424298251,0,0
151,4530,2,35,601,51,0.25107441964765415,2.0021519176355196,240.25823011626235,-1.4025823011626235,0.19534040700552685,0,0
152,4560,2,39,602,51,0.19914087005842682,1.9051794763792906,228.62153716551487,-1.2862153716551485,0.1933870029354716,0,0
153,4590,2,42,607,51,0.14313378782569416,1.8167219417966785,218.0066330156014,-1.1800663301560141,0.19145313290611687,0,0
154,4620,2,43,609,51,0.3199270602606766,2.1528935705392205,258.34722846470646,-1.5834722846470646,0.1895386015770557,0,0
155,4650,2,49,609,51,0.1359552926804999,1.806593772741241,216.7912527289489,-1.167912527289489,0.18764321556128516,0,0
156,4680,2,47,611,51,0.20820379503994468,1.9210660507440571,230.52792608928686,-1.3052792608928685,0.1857667834056723,0,0
157,4710,2,50,615,51,0.37659494499694723,2.1334495318739872,256.0139438248784,-2.5601394382487843,0.18390911557161557,0,0
158,4740,2,45,624,54,0.15190533537038325,1.8294708393508916,219.536500722107,-32.19536500722107,0.18207002441589942,3,0
159,4770,2,39,632,58,0.1512779282548948,1.8285453163755117,219.42543796506138,-41.194254379650616,0.18024932417174042,4,0
160,4800,2,38,636,58,0.2955524626713417,2.0966383302904807,251.59659963485768,-1.5159659963485765,0.178446830930023,0,0
161,4830,2,40,639,60,0.08459887910378712,1.742151173657504,209.05814083890047,-21.090581408389006,0.17666236262072277,2,0
162,4860,2,40,644,61,0.18609393412437142,1.8830784955972768,225.9694194716732,-11.259694194716731,0.17489573899451555,1,0
163,4890,2,39,651,62,0.22873365943163906,1.9586733381730634,235.0408005807676,-11.350408005807676,0.1731467816045704,1,0
164,4920,2,40,655,62,0.15379422213123511,1.832269915450028,219.87238985400336,-1.1987238985400335,0.17141531378852468,0,0
165,4950,2,44,658,63,0.14849722164234175,1.8244686139895472,218.93623367874568,-11.189362336787458,0.16970116065063942,1,0
166,4980,2,48,658,63,0.3220910136517759,2.1580409986351268,258.9649198362152,-1.589649198362152,0.16800414904413302,0,0
167,5010,2,50,663,63,0.2588091411192413,1.929003702484247,231.48044429810963,-2.3148044429810963,0.1663241075536917,0,0
168,5040,2,55,666,63,0.5844688490932455,2.5301652089154585,303.619825069855,-3.03619825069855,0.16466086647815478,0,0
169,5070,2,52,675,63,0.24616935106748028,1.911861769232437,229.42341230789242,-2.2942341230789243,0.16301425781337323,0,0
170,5100,2,48,686,64,0.2653001284877071,1.9420337903719749,233.044054844637,-12.33044054844637,0.1613841152352395,1,0
171,5130,2,46,694,64,0.2769589878682697,2.05585607447489,246.70272893698683,-2.4670272893698684,0.1597702740828871,0,0
172,5160,2,46,700,64,0.11613662838177215,1.7800583294595436,213.60699953514523,-2.1360699953514524,0.15817257134205823,0,0
173,5190,2,42,705,64,0.33645612933093205,2.1928446914588955,263.14136297506747,-1.6314136297506745,0.15659084562863765,0,0
174,5220,2,46,705,64,0.13413210596318562,1.8040651955757752,216.487823469093,-1.1648782346909299,0.15502493717235127,0,0
175,5250,2,48,710,64,0.32299788415769476,2.160205611226057,259.2246733471268,-2.592246733471268,0.15347468780062776,0,0
176,5280,2,43,715,65,0.15856439544206513,1.8394233769664639,220.73080523597565,-11.207308052359757,0.15193994092262147,1,0
177,5310,2,40,720,66,0.15866054643705185,1.839568814946578,220.7482577935894,-11.207482577935894,0.15042054151339526,1,0
178,5340,2,39,723,67,0.16259159097397058,1.8455571285305057,221.46685542366066,-11.214668554236606,0.1489163360982613,1,0
179,5370,2,32,730,67,0.27684792535469077,2.0556180136316513,246.67416163579813,-1.4667416163579814,0.14742717273727868,0,0
180,5400,2,31,735,68,0.16683193355895093,1.852109006519349,222.2530807823219,-11.222530807823219,0.14595290100990588,1,0
181,5430,2,32,739,68,0.26346965382995213,2.0274231251913677,243.2907750229641,-1.432907750229641,0.14449337199980683,0,0
182,5460,2,26,745,70,0.19218090626316386,1.8932766061277917,227.193192735335,-21.27193192735335,0.14304843827980876,2,0
183,5490,2,24,748,70,0.21800037152241472,1.9387313463053721,232.64776155664464,-1.3264776155664464,0.14161795389701068,0,0
184,5520,2,21,754,73,0.09390010282468066,1.7527793467110822,210.33352160532985,-31.1033352160533,0.14020177435804057,3,0
185,5550,2,19,756,73,0.12944046683826865,1.797639869773003,215.71678437276034,-1.1571678437276034,0.13879975661446017,0,0
186,5580,2,18,761,73,0.1691425147750117,1.8557195173284478,222.68634207941375,-1.2268634207941373,0.13741175904831557,0,0
187,5610,2,23,763,73,0.18823032057440942,1.8866352899390595,226.39623479268712,-1.2639623479268711,0.1360376414578324,0,0
188,5640,2,20,767,73,0.16774226245212265,1.8535280859349,222.42337031218798,-1.2242337031218797,0.13467726504325409,0,0
189,5670,2,17,771,73,0.11708707371112254,1.781283070021372,213.75396840256462,-1.1375396840256462,0.13333049239282155,0,0
190,5700,2,17,772,73,0.2503733234082712,2.0007470184708547,240.08964221650257,-1.4008964221650257,0.13199718746889333,0,0
191,5730,2,15,778,73,0.1572963656327475,1.8375099681318878,220.50119617582652,-1.205011961758265,0.1306772155942044,0,0
192,5760,2,16,781,73,0.263824732346417,2.028159126624701,243.37909519496412,-1.4337909519496412,0.12937044343826234,0,0
193,5790,2,13,785,73,0.1016954309692419,1.7620421824595476,211.4450618951457,-1.114450618951457,0.12807673900387972,0,0
194,5820,2,10,790,73,0.12786622889260563,1.7955102125716471,215.46122550859764,-1.1546122550859763,0.12679597161384093,0,0
195,5850,2,15,793,73,0.18747780721770899,1.8853796800095672,226.24556160114807,-1.2624556160114808,0.12552801189770252,0,0
196,5880,2,20,796,73,0.1156732412798517,1.779462957515066,213.53555490180793,-1.1353555490180791,0.1242727317787255,0,0
197,5910,2,26,798,73,0.27701046032619286,2.05596642723114,246.7159712677368,-1.4671597126773677,0.12303000446093824,0,0
198,5940,2,27,799,73,0.1977724674632936,1.9028188420062477,228.33826104074973,-1.2833826104074972,0.12179970441632886,0,0
199,5970,2,25,803,73,0.24240129181765516,1.9849565579447512,238.19478695337017,-1.3819478695337015,0.12058170737216556,0,0
200,6000,2,33,803,73,0.19877517877058015,1.904547643701123,228.54571724413478,-1.2854571724413477,0.1193758902984439,0,0
201,6030,2,35,806,73,0.15609856022431717,1.8357104014938241,220.2852481792589,-1.202852481792589,0.11818213139545947,0,0
202,6060,2,32,810,73,0.29915422097707756,2.104751475127124,252.5701770152549,-1.525701770152549,0.11700031008150487,0,0
203,6090,2,36,811,73,0.15964644954217574,1.8410629366319107,220.92755239582925,-1.2092755239582926,0.11583030698068982,0,0
204,6120,2,34,814,73,0.26317660232474416,2.02681619891302,243.21794386956242,-1.4321794386956241,0.11467200391088292,0,0
205,6150,2,33,815,73,0.2298580036259836,1.9607978739664498,235.29574487597395,-1.3529574487597396,0.11352528387177409,0,0
206,6180,2,34,819,73,0.20881125991359362,1.9221465526536021,230.65758631843224,-1.3065758631843223,0.11239003103305635,0,0
207,6210,2,29,827,73,0.16852206091507313,1.8547472006502184,222.56966407802622,-1.225696640780262,0.11126613072272579,0,0
208,6240,2,29,832,73,0.25137305184925424,2.002751131088857,240.33013573066285,-1.4033013573066284,0.11015346941549853,0,0
209,6270,2,25,839,73,0.1770063473604172,1.8682208902559494,224.1865068307139,-1.241865068307139,0.10905193472134354,0,0
210,6300,2,23,844,73,0.153238767836715,1.8314448318061158,219.7733798167339,-1.1977337981673388,0.1079614153741301,0,0
211,6330,2,27,846,73,0.255345587146166,2.0107673750974984,241.29208501169978,-1.4129208501169979,0.1068818012203888,0,0
212,6360,2,28,850,73,0.18190349360004596,1.8761726783571024,225.1407214028523,-1.251407214028523,0.10581298320818491,0,0
213,6390,2,27,855,73,0.2133526166868573,1.9302866485835826,231.63439783002988,-1.3163439783002988,0.10475485337610306,0,0
214,6420,2,25,859,73,0.19192093725211706,1.8928370145833608,227.1404417500033,-1.271404417500033,0.10370730484234203,0,0
215,6450,2,25,866,73,0.1469220314907002,1.8221775765600783,218.66130918720938,-1.1866130918720939,0.10267023179391861,0,0
216,6480,2,27,868,73,0.20945729122772241,1.9232978124143614,230.79573748972336,-1.3079573748972337,0.10164352947597942,0,0
217,6510,2,27,869,73,0.2095733281439388,1.9235048317474983,230.82057980969978,-1.3082057980969977,0.10062709418121962,0,0
218,6540,2,21,875,73,0.1921886994015836,1.8932897894081817,227.19477472898183,-1.2719477472898182,0.09962082323940742,0,0
219,6570,2,22,880,73,0.1396492421549564,1.8117712569951807,217.41255083942167,-1.1741255083942168,0.09862461500701335,0,0
220,6600,2,22,880,73,0.19655495882456922,1.9007269107857878,228.08722929429453,-1.2808722929429452,0.09763836885694321,0,0
221,6630,2,22,884,73,0.23187431085884863,1.9646247300026083,235.754967600313,-1.35754967600313,0.09666198516837378,0,0
222,6660,2,26,886,73,0.20236149204991105,1.9107747906057173,229.29297487268607,-1.2929297487268605,0.09569536531669004,0,0
223,6690,2,25,888,73,0.26878293219779475,2.038506660507448,244.62079926089376,-1.4462079926089377,0.09473841166352313,0,0
224,6720,2,22,891,73,0.11637365377586557,1.7803633086322972,213.64359703587564,-1.1364359703587565,0.0937910275468879,0,0
225,6750,2,18,895,73,0.1743756119200611,1.8640020187000292,223.68024224400352,-1.2368024224400351,0.09285311727141901,0,0
226,6780,2,10,903,73,0.0990412265345106,1.758851923165568,211.06223077986812,-1.1106223077986812,0.09192458609870482,0,0
227,6810,2,9,907,73,0.16030382497295592,1.8420620601178643,221.0474472141437,-1.2104744721414369,0.09100534023771778,0,0
228,6840,2,10,910,73,0.13127417359741456,1.8001372054747673,216.0164646569721,-1.1601646465697208,0.0900952868353406,0,0
229,6870,2,13,912,73,0.1549151895761085,1.8339400356144768,220.0728042737372,-1.2007280427373719,0.08919433396698719,0,0
230,6900,2,20,912,73,0.15438659346237105,1.8331516496173552,219.97819795408262,-1.1997819795408262,0.08830239062731732,0,0
231,6930,2,20,916,73,0.26350136819312214,2.027488834901141,243.29866018813692,-1.432986601881369,0.08741936672104414,0,0
232,6960,2,27,917,73,0.13695084612703465,1.8079819887644517,216.95783865173422,-1.169578386517342,0.08654517305383369,0,0
233,6990,2,33,918,73,0.30241449017773975,2.1121550571037258,253.4586068524471,-1.534586068524471,0.08567972132329535,0,0
234,7020,2,35,921,73,0.14812442468149356,1.8239252036202585,218.87102443443098,-1.1887102443443098,0.0848229241100624,0,0
235,7050,2,33,927,73,0.27285399359529733,2.0471008005859384,245.6520960703126,-1.456520960703126,0.08397469486896177,0,0
236,7080,2,36,928,73,0.19239007300425762,1.8936305558443944,227.23566670132735,-1.2723566670132733,0.08313494792027215,0,0
237,7110,2,38,931,73,0.2510272781050927,2.0020573703443327,240.2468844413199,-1.402468844413199,0.08230359844106942,0,0
238,7140,2,43,932,73,0.20019927768071827,1.907012187210829,228.8414624652995,-1.2884146246529948,0.08148056245665873,0,0
239,7170,2,48,934,73,0.2400869600335436,1.9804359690307582,237.65231628369096,-1.3765231628369097,0.08066575683209214,0,0
240,7200,2,43,939,73,0.2335424197972872,1.9678071114509175,236.1368533741101,-1.361368533741101,0.07985909926377122,0,0
241,7230,2,41,941,73,0.2540642043793308,2.0081724561112937,240.98069473335522,-1.4098069473335522,0.0790605082711335,0,0
242,7260,2,42,943,73,0.11286099345676574,1.7758742725553054,213.10491270663664,-1.1310491270663665,0.07826990318842217,0,0
243,7290,2,40,949,74,0.31106716681508856,2.1320788639310355,255.84946367172427,-11.558494636717242,0.07748720415653794,1,0
244,7320,2,40,953,74,0.14501915316275374,1.819427581532615,218.3313097839138,-1.183313097839138,0.07671233211497255,0,0
245,7350,2,36,959,74,0.2247068141769639,1.9511196156848043,234.1343538821765,-1.341343538821765,0.07594520879382283,0,0
246,7380,2,38,964,74,0.1281216343928205,1.795854831460514,215.50257977526167,-1.1550257977526166,0.0751857567058846,0,0
247,7410,2,37,968,74,0.2666097825028587,2.0339552580051636,244.07463096061963,-1.440746309606196,0.07443389913882574,0,0
248,7440,2,38,972,74,0.11621453480696783,1.780158538139045,213.6190245766854,-1.136190245766854,0.07368956014743748,0,0
249,7470,2,40,977,74,0.29539100174021155,2.0962762515843694,251.5531501901243,-1.515531501901243,0.07295266454596311,0,0
250,7500,2,40,978,75,0.10475473422891773,1.7657659677349349,211.89191612819218,-11.118919161281921,0.07222313790050347,1,0
251,7530,2,40,983,75,0.19862867846063925,1.9042947240591461,228.51536688709754,-1.2851536688709755,0.07150090652149843,0,0
252,7560,2,41,984,76,0.1514873481482938,1.8288540098295356,219.46248117954426,-11.194624811795443,0.07078589745628344,1,0
253,7590,2,43,987,76,0.18101505272664833,1.8747205666541156,224.96646799849387,-1.2496646799849387,0.0700780384817206,0,0
254,7620,2,38,993,76,0.2137701152561959,1.9310405093085237,231.7248611170228,-1.3172486111702282,0.0693772580969034,0,0
255,7650,2,37,996,77,0.13679835657158768,1.8077690120095578,216.93228144114693,-11.16932281441147,0.06868348551593437,1,0
256,7680,2,41,1000,77,0.1870579725692183,1.8846804753173627,226.16165703808352,-1.261616570380835,0.06799665066077502,0,0
257,7710,2,42,1003,77,0.18232105553327238,1.876856616464226,225.2227939757071,-1.252227939757071,0.06731668415416728,0,0
258,7740,2,39,1007,77,0.2814584681004657,2.0655559634415397,247.86671561298473,-1.4786671561298474,0.0666435173126256,0,0
259,7770,2,38,1009,77,0.20062916118691052,1.9077582683074423,228.9309921968931,-1.2893099219689308,0.06597708213949935,0,0
260,7800,2,43,1010,77,0.24945198285075995,1.9989047665623088,239.86857198747705,-1.3986857198747706,0.06531731131810435,0,0
261,7830,2,40,1014,77,0.1584993204594919,1.8393249725359833,220.718996704318,-1.2071899670431796,0.06466413820492331,0,0
262,7860,2,44,1015,77,0.2979640631324184,2.102062929870625,252.24755158447502,-1.52247551584475,0.06401749682287408,0,0
263,7890,2,42,1017,78,0.10476567198718392,1.7657793707299259,211.8935244875911,-11.11893524487591,0.06337732185464534,1,0
264,7920,2,40,1020,78,0.32079854612788783,2.1549635832793026,258.59562999351635,-1.585956299935163,0.06274354863609889,0,0
265,7950,2,40,1025,78,0.08910831548696527,1.7472463220284422,209.66955864341307,-1.0966955864341306,0.0621161131497379,0,0
266,7980,2,46,1027,79,0.3373986486387171,2.195166694034431,263.4200032841318,-11.634200032841317,0.061494952018240526,1,0
267,8010,2,43,1032,79,0.09288784450897775,1.7516003007593826,210.1920360911259,-1.1019203609112591,0.06088000249805812,0,0
268,8040,2,38,1040,79,0.2916251658825684,2.0878707435911403,250.54448923093685,-1.5054448923093684,0.06027120247307754,0,0
269,8070,2,44,1042,79,0.1273112785959252,1.794762616817895,215.3715140181474,-1.1537151401814738,0.05966849044834676,0,0
270,8100,2,39,1049,80,0.24486999911228166,1.9898101766488514,238.77722119786216,-11.387772211978621,0.05907180554386329,1,0
271,8130,2,45,1051,80,0.11461437275378983,1.7781067936805124,213.3728152416615,-1.1337281524166147,0.058481087488424656,0,0
272,8160,2,46,1053,80,0.34061533369490354,2.2031270372581773,264.3752444709812,-1.6437524447098124,0.05789627661354041,0,0
273,8190,2,44,1061,81,0.07882549953652418,1.7357862246968363,208.29434696362034,-12.082943469636204,0.057317313847405,1,0
274,8220,2,46,1067,81,0.34011725303387164,2.2018908241860657,264.2268989023279,-2.642268989023279,0.056744140708930954,0,0
275,8250,2,42,1071,81,0.10397251012198483,1.7648090943774999,211.77709132529998,-1.1177709132529998,0.056176699301841646,0,0
276,8280,2,39,1074,81,0.3158326927044364,2.143222567885451,257.1867081462541,-1.5718670814625408,0.05561493230882323,0,0
277,8310,2,45,1076,82,0.10555328417169038,1.7667461782462726,212.0095413895527,-11.120095413895527,0.055058782985734994,1,0
278,8340,2,47,1078,82,0.3470395108478019,2.219190132803819,266.3028159364583,-1.6630281593645826,0.054508195155877646,0,0
279,8370,2,47,1081,82,0.08868557158503058,1.7467640626763234,209.61168752115879,-1.096116875211588,0.05396311320431887,0,0
280,8400,2,47,1086,82,0.3529351409552072,2.234125330559664,268.09503966715965,-2.680950396671596,0.05342348207227568,0,0
281,8430,2,45,1088,82,0.11895423377715879,1.7837031151408018,214.0443738168962,-1.140443738168962,0.052889247251552925,0,0
282,8460,2,47,1094,82,0.323624196720059,2.1617031196872483,259.4043743624698,-2.594043743624698,0.052360354779037395,0,0
283,8490,2,48,1098,82,0.1481443005605081,1.8239541571431712,218.87449885718053,-2.1887449885718055,0.05183675123124702,0,0
284,8520,2,45,1106,85,0.18099528079765037,1.8746882983211544,224.96259579853853,-32.24962595798539,0.05131838371893455,3,0
285,8550,2,41,1112,89,0.1426687629227354,1.8160575110522335,217.92690132626802,-41.17926901326268,0.05080519988174521,4,0
286,8580,2,43,1118,89,0.26195574346156114,2.0242926597277053,242.91511916732463,-1.4291511916732462,0.05029714788292775,0,0
287,8610,2,40,1121,89,0.2214365177101757,1.9450486954750743,233.40584345700893,-1.3340584345700892,0.05,0,0
288,8640,2,37,1127,90,0.2207133110264015,1.9437138491222332,233.245661894668,-11.33245661894668,0.05,1,0
289,8670,2,42,1129,90,0.125560610852003,1.7924149858947438,215.08979830736925,-1.1508979830736925,0.05,0,0
290,8700,2,42,1136,93,0.1817604171588154,1.8759385427612014,225.11262513134415,-31.25112625131344,0.05,3,0
291,8730,2,48,1138,94,0.1352438885439104,1.8056050173985474,216.67260208782568,-11.166726020878256,0.05,1,0
292,8760,2,44,1144,94,0.2253285892242196,1.9522803211408855,234.27363853690625,-1.3427363853690624,0.05,0,0
293,8790,2,49,1146,95,0.1260621968584559,1.7930859378437176,215.17031254124612,-12.15170312541246,0.05,1,0
294,8820,2,46,1150,96,0.23438158441304613,1.9694136619072835,236.32963942887403,-11.36329639428874,0.05,1,0
295,8850,2,49,1153,96,0.2259063122652521,1.9533606399669297,234.40327679603155,-2.3440327679603152,0.05,0,0
296,8880,2,47,1162,96,0.3423070034413097,2.0530680372419634,246.36816446903563,-2.4636816446903564,0.05,0,0
297,8910,2,43,1166,96,0.18506379900979592,1.8813721585503655,225.7646590260439,-2.257646590260439,0.05,0,0
298,8940,2,46,1168,96,0.17750253617922016,1.8690207583862946,224.28249100635531,-1.2428249100635533,0.05,0,0
299,8970,2,47,1170,96,0.2652263822646597,2.031071011774305,243.7285214129166,-1.4372852141291659,0.05,0,0
300,9000,2,46,1173,96,0.20659420056306851,1.9182125702588282,230.18550843105936,-1.3018550843105936,0.05,0,0
301,9030,2,46,1178,96,0.1494628982845156,1.825879686759297,219.10556241111564,-2.191055624111156,0.05,0,0
302,9060,2,49,1182,96,0.16744744117480365,1.853068015599174,222.3681618719009,-2.2236816187190085,0.05,0,0
303,9090,1,47,1191,96,0.5820538102114332,1.2532090287249091,150.38508344698909,-2.401865891669205,0.05,0,1
304,9120,1,46,1193,96,0.3262362504720386,1.013032144238716,121.56385730864592,-1.2156385730864592,0.05,0,0
305,9150,2,46,1200,100,0.2250879620060694,1.9518308830441682,234.2197059653002,-42.342197059653,0.05,4,0
306,9180,2,46,1204,102,0.22586025142500443,1.9532744427467126,234.39293312960552,-21.343929331296057,0.05,2,0
307,9210,2,42,1208,105,0.25030150956847425,2.000603261558335,240.07239138700018,-31.400723913870003,0.05,3,0
308,9240,2,33,1217,109,0.1058342685596706,1.7670918921106082,212.051027053273,-41.12051027053273,0.05,4,0
309,9270,2,38,1219,109,0.32556038604478355,2.1663457639275316,259.9614916713038,-1.599614916713038,0.05,0,0
310,9300,2,35,1222,109,0.16066806548506776,1.8426166497012826,221.1139979641539,-1.2111399796415392,0.05,0,0
311,9330,2,36,1226,110,0.2723105057693213,2.045948367985797,245.51380415829564,-11.455138041582956,0.05,1,0
312,9360,2,36,1230,110,0.11315662989589437,1.7762495476356535,213.1499457162784,-1.131499457162784,0.05,0,0
313,9390,2,41,1233,112,0.30300141627880606,2.113493899564437,253.61926794773242,-21.536192679477324,0.05,2,0
314,9420,2,39,1237,114,0.16533524077585715,1.849785472097,221.97425665164,-21.2197425665164,0.05,2,0
315,9450,2,45,1239,114,0.264103305139511,2.0287370188546436,243.44844226255725,-1.4344844226255724,0.05,0,0
316,9480,2,48,1241,114,0.19116670941901057,1.891563701719587,226.9876442063504,-1.2698764420635043,0.05,0,0
317,9510,2,49,1246,115,0.3941268225578948,2.170169588917097,260.42035067005156,-12.604203506700516,0.05,1,0
318,9540,2,46,1250,115,0.20716032446044882,1.9192146163884551,230.3057539666146,-2.303057539666146,0.05,0,0
319,9570,2,43,1253,116,0.14752681831551973,1.8230556445364807,218.76667734437768,-11.187666773443777,0.05,1,0
320,9600,2,40,1258,116,0.17423871447668737,1.8637834886444278,223.65401863733135,-1.2365401863733134,0.05,0,0
321,9630,2,39,1263,116,0.18938381465194365,1.8885658211069538,226.62789853283445,-1.2662789853283443,0.05,0,0
322,9660,2,35,1269,117,0.15949285053965379,1.8408298186884742,220.89957824261688,-11.208995782426168,0.05,1,0
323,9690,2,32,1273,118,0.2094889411937583,1.9233542714157905,230.80251256989487,-11.308025125698949,0.05,1,0
324,9720,2,34,1276,118,0.16544332186644956,1.8499528619115146,221.99434342938176,-1.2199434342938176,0.05,0,0
325,9750,2,29,1281,119,0.18128628034512848,1.875163428073746,225.0196113688495,-11.250196113688496,0.05,1,0
326,9780,2,28,1285,119,0.157384776900458,1.8376430992669905,220.51717191203886,-1.2051717191203883,0.05,0,0
327,9810,2,28,1288,119,0.1961393307125067,1.9000145859479378,228.00175031375255,-1.2800175031375254,0.05,0,0
328,9840,2,27,1294,121,0.1495427088224335,1.8259965305801586,219.11958366961903,-21.191195836696192,0.05,2,0
329,9870,2,22,1300,121,0.15928305614896188,1.840511616035717,220.861393924286,-1.20861393924286,0.05,0,0
330,9900,2,21,1304,121,0.1734020130366122,1.86245003035814,223.4940036429768,-1.234940036429768,0.05,0,0
331,9930,2,14,1312,121,0.11932171402631159,1.7841815998526793,214.10179198232152,-1.1410179198232153,0.05,0,0
332,9960,2,14,1313,121,0.2115510287184234,1.9270442531504774,231.2453103780573,-1.312453103780573,0.05,0,0
333,9990,2,16,1317,121,0.12219776325029104,1.7879512910825253,214.554154929903,-1.1455415492990302,0.05,0,0
334,10020,2,14,1319,121,0.1889011183748545,1.887757098978625,226.530851877435,-1.26530851877435,0.05,0,0
335,10050,2,7,1326,121,0.15554944081257277,1.8348879699739928,220.18655639687913,-1.2018655639687912,0.05,0,0
336,10080,2,2,1332,121,0.08940026064434174,1.7475799247049646,209.70959096459575,-1.0970959096459574,0.05,0,0
337,10110,2,0,1334,121,0.0,1.6666666666666667,200.0,-1.0,0.05,0,0
338,10140,2,1,1337,121,0.08427525628169873,1.7417896877113885,209.01476252536662,-1.0901476252536662,0.05,0,0
339,10170,2,7,1339,121,0.27758983334952847,2.0572095304437363,246.86514365324837,-1.4686514365324836,0.05,0,0
340,10200,1,2,1344,121,0.12709152380026942,0.8864653448813394,106.37584138576074,-1.0637584138576073,0.05,0,2
341,10230,1,2,1348,121,0.28631329662059585,0.9834213014213675,118.0105561705641,-1.180105561705641,0.05,0,0
342,10260,1,2,1352,121,0.19971622461674865,0.9264964551223613,111.17957461468336,-1.1117957461468335,0.05,0,0
343,10290,1,9,1353,121,0.30718652245187483,0.9986378805346757,119.8365456641611,-1.1983654566416109,0.05,0,0
344,10320,1,11,1355,121,0.5364530330384588,1.2040055821169275,144.4806698540313,-1.444806698540313,0.05,0,0
345,10350,1,12,1358,121,0.32377875003982115,1.011148035998173,121.33776431978077,-1.2133776431978076,0.05,0,0
346,10380,1,15,1361,121,0.20260019028783566,0.9282312881657233,111.3877545798868,-1.1138775457988679,0.05,0,0
347,10410,1,19,1362,121,0.38003195892241576,1.0562935128424111,126.75522154108933,-1.2675522154108934,0.05,0,0
348,10440,1,23,1362,121,0.5611445116658196,1.230303612537054,147.63643350444647,-1.4763643350444646,0.05,0,0
349,10470,1,20,1367,121,0.32755497890263846,1.014046502436818,121.68558029241817,-1.2168558029241814,0.05,0,0
350,10500,1,23,1371,121,0.44770002128007375,1.116190213129477,133.94282557553723,-1.3394282557553723,0.05,0,0
351,10530,1,23,1375,121,0.4064153910407171,1.0789207770634248,129.470493247611,-1.2947049324761097,0.05,0,0
352,10560,1,26,1379,121,0.38107126475975917,1.057167294136988,126.86007529643857,-1.2686007529643857,0.05,0,0
353,10590,1,24,1381,121,0.27851052834632783,0.977882252381943,117.34587028583317,-1.1734587028583316,0.05,0,0
354,10620,1,25,1384,121,0.4752967939413883,1.142370292867771,137.08443514413253,-1.370844351441325,0.05,0,0
355,10650,1,24,1387,121,0.29132989446511415,0.9870253697610745,118.44304437132894,-1.1844304437132893,0.05,0,0
356,10680,1,24,1391,121,0.33491284353762557,1.0197486896901804,122.36984276282166,-1.2236984276282163,0.05,0,0
357,10710,1,29,1393,121,0.5258784974116709,1.1929916284971946,143.15899541966337,-1.4315899541966335,0.05,0,0
358,10740,1,30,1395,121,0.40312861455891147,1.0760513247704289,129.12615897245146,-1.2912615897245145,0.05,0,0
359,10770,1,34,1399,121,0.4287796606578161,1.0988278851484932,131.8593462178192,-1.3185934621781918,0.05,0,0
360,10800,1,33,1404,121,0.44497617704483766,1.1136612577732383,133.6393509327886,-1.336393509327886,0.05,0,0
361,10830,1,36,1405,121,0.48278947479898154,1.1496536095841114,137.95843315009338,-1.3795843315009337,0.05,0,0
362,10860,1,37,1408,121,0.4059993462211966,1.0785567614950915,129.426811379411,-1.2942681137941097,0.05,0,0
363,10890,1,39,1412,121,0.4188360559162745,1.0898944464624252,130.78733357549103,-1.3078733357549102,0.05,0,0
364,10920,1,41,1415,121,0.46579511686927394,1.1332417662225982,135.9890119467118,-1.3598901194671178,0.05,0,0
365,10950,1,41,1417,121,0.46892947731644125,1.1362397289029942,136.3487674683593,-1.3634876746835929,0.05,0,0
366,10980,1,39,1419,121,0.5051646435282632,1.1718490925567793,140.6218911068135,-1.4062189110681351,0.05,0,0
367,11010,1,39,1422,121,0.41852358731199096,1.0896158578616622,130.75390294339945,-1.3075390294339946,0.05,0,0
368,11040,1,31,1430,121,0.4579200454856132,1.1257671938669018,135.0920632640282,-1.350920632640282,0.05,0,0
369,11070,1,31,1435,121,0.35287062809185665,1.0339686628105798,124.07623953726957,-1.2407623953726956,0.05,0,0
370,11100,1,34,1438,121,0.46258421355178686,1.1301841742688123,135.62210091225748,-1.3562210091225748,0.05,0,0
371,11130,1,39,1441,121,0.36100332351678566,1.0405500408990385,124.86600490788463,-1.2486600490788462,0.05,0,0
372,11160,1,38,1444,121,0.5649811377448443,1.2344628365865873,148.13554039039047,-1.4813554039039047,0.05,0,0
373,11190,1,43,1447,121,0.2817537359484936,0.9801746904634535,117.62096285561442,-1.176209628556144,0.05,0,0
374,11220,1,45,1447,121,0.688834499345624,1.379273478107699,165.51281737292388,-1.6551281737292387,0.05,0,0
375,11250,1,43,1452,121,0.23923036884601576,0.951230902534139,114.14770830409668,-1.1414770830409668,0.05,0,0
376,11280,1,47,1455,121,0.6183587474023922,1.2943646094601675,155.3237531352201,-1.5532375313522009,0.05,0,0
377,11310,1,45,1459,121,0.3025371568914084,0.9951982064970939,119.42378477965127,-1.1942378477965125,0.05,0,0
378,11340,1,45,1464,121,0.5176941227477743,1.1845695107343166,142.148341288118,-1.42148341288118,0.05,0,0
379,11370,1,44,1469,121,0.37570742474019037,1.052673187583334,126.32078251000007,-1.2632078251000007,0.05,0,0
380,11400,2,48,1473,121,0.23808596348109662,1.9765504450053233,237.1860534006388,-2.3718605340063883,0.05,0,0
381,11430,2,47,1475,121,0.2255503428436318,1.9526947809807678,234.3233737176921,-1.3432337371769212,0.05,0,0
382,11460,2,46,1481,121,0.22711588250825596,1.9556282525721813,234.67539030866175,-2.3467539030866176,0.05,0,0
383,11490,2,46,1485,121,0.20853721355698848,1.9216588608729603,230.59906330475525,-1.3059906330475524,0.05,0,0
384,11520,2,46,1492,121,0.244022195274146,1.9881396816132,238.57676179358398,-2.38576761793584,0.05,0,0
385,11550,2,40,1499,121,0.1484080633597394,1.8243385842936621,218.92063011523945,-1.1892063011523946,0.05,0,0
386,11580,2,43,1501,121,0.23556351115311736,1.9716827882001713,236.60193458402054,-1.3660193458402052,0.05,0,0
387,11610,2,48,1503,121,0.15194825485730917,1.8295342289826908,219.54410747792292,-1.195441074779229,0.05,0,0
388,11640,2,48,1510,121,0.3816090635426817,2.121765875047238,254.61190500566858,-2.546119050056686,0.05,0,0
389,11670,2,43,1518,121,0.17127323438106412,1.8590742117616452,223.08890541139743,-2.230889054113974,0.05,0,0
390,11700,2,47,1522,121,0.22968051236588724,1.9604620422723422,235.25544507268106,-2.35255445072681,0.05,0,0
391,11730,2,43,1526,121,0.15867280863432592,1.8395873662892983,220.7504839547158,-1.207504839547158,0.05,0,0
392,11760,2,40,1530,122,0.26583707156194547,2.0323429773523127,243.88115728227754,-11.438811572822775,0.05,1,0
393,11790,2,44,1532,122,0.10407855295209,1.7649386224603294,211.7926346952395,-1.117926346952395,0.05,0,0
394,11820,2,45,1536,123,0.24711075122207973,1.9942437631334946,239.30925157601936,-11.393092515760193,0.05,1,0
395,11850,2,44,1543,127,0.10166819749724917,1.7620092580177387,211.44111096212862,-42.11441110962129,0.05,4,0
396,11880,2,45,1545,127,0.22440774348797143,1.950562056558283,234.06744678699394,-1.3406744678699394,0.05,0,0
397,11910,2,45,1545,127,0.27559225651202857,2.052931082606397,246.35172991276764,-1.4635172991276764,0.05,0,0
398,11940,2,45,1547,129,0.1399539964525797,1.8122016539631831,217.46419847558195,-21.17464198475582,0.05,2,0
399,11970,2,43,1552,130,0.1718277427941235,1.8599512237126783,223.1941468455214,-11.231941468455213,0.05,1,0
400,12000,2,44,1556,130,0.18272317186878684,1.8775161346799654,225.30193616159582,-1.2530193616159582,0.05,0,0
401,12030,2,41,1561,130,0.20474972259408983,1.9149596788023446,229.79516145628133,-1.2979516145628134,0.05,0,0
402,12060,2,46,1563,130,0.16309762501958727,1.8463339774451382,221.56007729341655,-1.2156007729341656,0.05,0,0
403,12090,2,51,1566,132,0.3888372886151427,2.136395064810741,256.3674077772889,-22.563674077772887,0.05,2,0
404,12120,2,45,1573,132,0.20151380291538926,1.9092967026513858,229.11560431816628,-2.2911560431816627,0.05,0,0
405,12150,2,47,1576,132,0.22559764048954797,1.9527832147115687,234.33398576538826,-1.3433398576538824,0.05,0,0
406,12180,2,45,1581,132,0.16008851114737763,1.841734557835276,221.0081469402331,-1.210081469402331,0.05,0,0
407,12210,2,42,1584,132,0.2147382168601325,1.9327921493208065,231.93505791849677,-1.3193505791849676,0.05,0,0
408,12240,2,46,1586,132,0.2310964637443338,1.9631458439765854,235.57750127719027,-1.3557750127719026,0.05,0,0
409,12270,2,48,1588,133,0.14418458661783654,1.8182275777936416,218.187309335237,-11.181873093352369,0.05,1,0
410,12300,2,44,1594,133,0.22878679090287724,1.958773582446283,235.05282989355396,-1.3505282989355394,0.05,0,0
411,12330,2,47,1595,133,0.2367639142997562,1.9739950125052834,236.87940150063403,-1.3687940150063402,0.05,0,0
412,12360,2,48,1601,133,0.23153017168399875,1.9639700355227245,235.67640426272692,-2.356764042627269,0.05,0,0
413,12390,2,47,1610,139,0.2693986900642164,1.9446224378462875,233.35469254155453,-62.33354692541555,0.05,6,0
414,12420,2,39,1620,139,0.26160148915787357,2.023561897117561,242.82742765410734,-2.4282742765410736,0.05,0,0
415,12450,2,43,1620,139,0.20898674613624404,1.9224590575858027,230.6950869102963,-1.306950869102963,0.05,0,0
416,12480,2,34,1630,139,0.14289425676069306,1.8163795541476377,217.96554649771653,-1.1796554649771651,0.05,0,0
417,12510,2,28,1636,139,0.20969602578324253,1.9237238124669251,230.84685749603102,-1.3084685749603102,0.05,0,0
418,12540,2,28,1641,139,0.1618726172554997,1.8444557294160546,221.33468752992655,-1.2133468752992653,0.05,0,0
419,12570,2,28,1645,139,0.18700072404378199,1.8845852048102514,226.15022457723015,-1.2615022457723015,0.05,0,0
420,12600,2,28,1647,139,0.1372583906299105,1.8084119025487753,217.00942830585302,-1.1700942830585301,0.05,0,0
421,12630,2,23,1652,139,0.23937342638788395,1.9790479836203914,237.48575803444695,-1.3748575803444694,0.05,0,0
422,12660,2,26,1656,139,0.12619128787592415,1.793258834946041,215.19106019352495,-1.1519106019352492,0.05,0,0
423,12690,2,26,1659,139,0.28664721851567593,2.0768758200311805,249.22509840374164,-1.4922509840374165,0.05,0,0
424,12720,2,33,1660,139,0.09588370208256591,1.7551056262551992,210.61267515062391,-1.106126751506239,0.05,0,0
425,12750,2,35,1664,139,0.3078779524650398,2.124688857947534,254.96266295370407,-1.5496266295370407,0.05,0,0
426,12780,2,35,1667,139,0.12577599045690716,1.7927029263723808,215.1243511646857,-1.151243511646857,0.05,0,0
427,12810,2,36,1669,139,0.3218429618655795,2.157449686850143,258.8939624220172,-1.5889396242201719,0.05,0,0
428,12840,2,37,1670,139,0.08515347291107869,1.7427719524709,209.132634296508,-1.09132634296508,0.05,0,0
429,12870,2,29,1679,139,0.264007141125514,2.028537482257722,243.4244978709266,-1.434244978709266,0.05,0,0
430,12900,2,27,1682,139,0.1800029755751495,1.8730715069591874,224.76858083510248,-1.2476858083510247,0.05,0,0
431,12930,2,23,1687,139,0.12411160555626516,1.7904842453941874,214.85810944730247,-1.1485810944730248,0.05,0,0
432,12960,2,17,1694,139,0.19789424656964547,1.903028518580744,228.3634222296893,-1.2836342222968928,0.05,0,0
433,12990,2,13,1700,139,0.14432947066867882,1.8184356367217887,218.21227640661465,-1.1821227640661462,0.05,0,0
434,13020,2,7,1706,139,0.1790246418191742,1.871482620888739,224.5779145066487,-1.2457791450664868,0.05,0,0
435,13050,2,6,1712,139,0.03884792239484036,1.694577496362421,203.34929956349052,-1.035907653353938,0.05,0,3
436,13080,2,1,1718,139,0.08009600646709664,1.7371716583166703,208.46059899800042,-2.0846059899800045,0.05,0,0
437,13110,1,1,1723,139,0.14857284349453403,0.8975735410475456,107.70882492570547,-2.077088249257055,0.05,0,1
438,13140,1,7,1725,139,0.425046553369616,1.0954585661441318,131.45502793729582,-1.3145502793729582,0.05,0,0
439,13170,1,12,1727,139,0.24334546302649257,0.9539264972592162,114.47117967110594,-1.1447117967110594,0.05,0,0
440,13200,1,15,1728,139,0.2429993203405862,0.9536988865708533,114.4438663885024,-1.144438663885024,0.05,0,0
441,13230,1,19,1729,139,0.4637055674048006,1.1312504246297388,135.75005095556867,-1.3575005095556865,0.05,0,0
442,13260,1,12,1736,139,0.17536722471570185,0.912291517241559,109.47498206898707,-1.0947498206898707,0.05,0,0
443,13290,1,15,1739,139,0.6093147052799764,1.2839478418069419,154.07374101683303,-1.5407374101683302,0.05,0,0
444,13320,1,23,1739,139,0.2730382358964942,0.9740459974731445,116.88551969677734,-1.1688551969677734,0.05,0,0
445,13350,1,20,1744,139,0.4016751756385404,1.0747870230290149,128.9744427634818,-1.2897444276348178,0.05,0,0
446,13380,1,20,1747,139,0.3943537468946493,1.0684611674247826,128.2153400909739,-1.282153400909739,0.05,0,0
447,13410,1,24,1749,139,0.2738766926046389,0.9746311927029169,116.95574312435002,-1.1695574312435002,0.05,0,0
448,13440,1,21,1754,139,0.3322649064853072,1.0176882808828958,122.12259370594748,-1.221225937059475,0.05,0,0
449,13470,1,27,1756,139,0.44136645396154356,1.110325049108906,133.23900589306874,-1.3323900589306872,0.05,0,0
450,13500,1,26,1760,139,0.30643176768822505,0.9980775413950952,119.76930496741143,-1.1976930496741143,0.05,0,0
451,13530,1,23,1763,139,0.45018207962783047,1.1185032964213022,134.22039557055626,-1.3422039557055625,0.05,0,0
452,13560,1,26,1766,139,0.3286999559601311,1.014929092685505,121.79149112226061,-1.217914911222606,0.05,0,0
453,13590,1,31,1769,139,0.28156553316581745,0.9800412773665731,117.60495328398878,-1.1760495328398877,0.05,0,0
454,13620,1,34,1772,139,0.4755220112423031,1.1425881258647175,137.1105751037661,-1.371105751037661,0.05,0,0
455,13650,1,40,1774,139,0.21041236765669796,0.9329863655274976,111.95836386329971,-1.1195836386329971,0.05,0,0
456,13680,1,45,1775,140,0.3640856945048057,1.043067493463633,125.16809921563596,-11.25168099215636,0.05,1,0
457,13710,1,43,1779,140,0.4414775901031125,1.1104275050765389,133.25130060918465,-1.3325130060918466,0.05,0,0
458,13740,2,48,1782,140,0.1883436045906518,1.8868245721009673,226.4189486521161,-2.264189486521161,0.05,0,0
459,13770,2,45,1789,140,0.22074866427532483,1.9437790369284569,233.25348443141482,-2.3325348443141483,0.05,0,0
460,13800,2,43,1792,140,0.16742708827639707,1.8530362718874978,222.36435262649974,-1.2236435262649974,0.05,0,0
461,13830,2,47,1795,141,0.23972151415889384,1.979724754374283,237.56697052491398,-11.37566970524914,0.05,1,0
462,13860,2,48,1797,141,0.23029451260297074,1.96162450849542,235.3949410194504,-1.353949410194504,0.05,0,0
463,13890,2,44,1806,141,0.17131640001276854,1.8591424237774055,223.09709085328865,-2.2309709085328864,0.05,0,0
464,13920,2,46,1808,141,0.2868021754779595,2.0772160846090135,249.26593015308163,-1.4926593015308163,0.05,0,0
465,13950,2,43,1812,141,0.14714200267470717,1.8224967189861343,218.6996062783361,-1.186996062783361,0.05,0,0
466,13980,2,40,1818,141,0.2702547533608004,2.041603520144819,244.9924224173783,-1.4499242241737829,0.05,0,0
467,14010,2,43,1820,141,0.17870071531736093,1.8709576652914044,224.51491983496854,-1.2451491983496854,0.05,0,0
468,14040,2,38,1825,141,0.20416288388813908,1.913928544345484,229.6714253214581,-1.2967142532145808,0.05,0,0
469,14070,2,38,1828,141,0.17686653595602478,1.86799574808024,224.1594897696288,-1.241594897696288,0.05,0,0
470,14100,2,43,1830,141,0.1750083456854865,1.8650133532825128,223.80160239390156,-1.2380160239390154,0.05,0,0
471,14130,2,47,1832,141,0.18190268549940844,1.8761713556446633,225.1405626773596,-1.251405626773596,0.05,0,0
472,14160,2,51,1836,141,0.4299004623426016,2.229820326524708,267.5784391829649,-2.675784391829649,0.05,0,0
473,14190,2,43,1847,142,0.1268202023497333,1.794102438163895,215.2922925796674,-12.152922925796673,0.05,1,0
474,14220,2,45,1850,142,0.19935205304153164,1.9055446781660175,228.6653613799221,-1.286653613799221,0.05,0,0
475,14250,2,47,1854,142,0.2231864538951849,1.948290151136277,233.7948181363532,-2.337948181363532,0.05,0,0
476,14280,2,43,1860,142,0.18317285461115831,1.8782546888511735,225.39056266214084,-1.2539056266214084,0.05,0,0
477,14310,2,43,1863,142,0.2151260512611919,1.9334952819907492,232.01943383888988,-1.3201943383888988,0.05,0,0
478,14340,2,44,1866,143,0.1368854487754906,1.8078906354142403,216.94687624970885,-11.169468762497088,0.05,1,0
479,14370,2,48,1870,144,0.19046730480283713,1.8903856543988429,226.84627852786116,-12.268462785278611,0.05,1,0
480,14400,2,47,1873,144,0.2771372040735684,2.056238215733618,246.74858588803417,-1.4674858588803417,0.05,0,0
481,14430,2,50,1878,144,0.2894349517726088,1.985780507368376,238.29366088420514,-2.3829366088420514,0.05,0,0
482,14460,2,45,1884,147,0.26627324928700496,2.0332526816202954,243.99032179443543,-32.439903217944355,0.05,3,0
483,14490,2,47,1888,150,0.12185098142237882,1.787494418744511,214.4993302493413,-32.14499330249342,0.05,3,0
484,14520,2,43,1893,151,0.19110555417313338,1.891460590344277,226.9752708413132,-11.269752708413133,0.05,1,0
485,14550,2,37,1901,151,0.24188837441189423,1.9839522114096062,238.07426536915273,-1.3807426536915273,0.05,0,0
486,14580,2,27,1911,152,0.1883517267805096,1.886838145803539,226.4205774964247,-11.264205774964246,0.05,1,0
487,14610,2,28,1915,152,0.2145425450608812,1.9324377064171214,231.89252477005456,-1.3189252477005455,0.05,0,0
488,14640,2,27,1920,154,0.11065149307309095,1.7730843365002054,212.77012038002465,-21.127701203800246,0.05,2,0
489,14670,2,26,1924,154,0.2431321821562081,1.9863901427709107,238.3668171325093,-1.383668171325093,0.05,0,0
490,14700,2,30,1927,154,0.11672039111164875,1.7808099932777826,213.69719919333392,-1.136971991933339,0.05,0,0
491,14730,2,27,1934,154,0.26017618988852825,2.020628526018783,242.47542312225394,-1.4247542312225394,0.05,0,0
492,14760,2,34,1935,154,0.17582884410828684,1.8663279825267414,223.95935790320894,-1.2395935790320893,0.05,0,0
493,14790,2,34,1938,154,0.2524367709864505,2.0048893762471423,240.58672514965707,-1.4058672514965707,0.05,0,0
494,14820,2,38,1940,154,0.19327330285698968,1.8951277208306587,227.41532649967905,-1.2741532649967906,0.05,0,0
495,14850,2,41,1942,154,0.2574056195741152,2.014957487684968,241.79489852219612,-1.4179489852219611,0.05,0,0
496,14880,2,43,1945,154,0.1924060001167798,1.8936575170936885,227.23890205124263,-1.2723890205124262,0.05,0,0
497,14910,2,44,1950,154,0.2365910106994582,1.9736614907164154,236.83937888596984,-1.3683937888596982,0.05,0,0
498,14940,2,47,1954,154,0.20613386170721518,1.917399024984355,230.0878829981226,-2.300878829981226,0.05,0,0
499,14970,2,48,1959,154,0.26093502217283815,2.0221889102387975,242.66266922865572,-2.426626692286557,0.05,0,0
